Time,N_numeric,R_numeric,N_analytical,R_analytical
0,10,0.2,10,0.2
0.1,10.02,0.2004,10.02,0.2004
0.2,10.04,0.200801,10.0401,0.200802
0.3,10.0601,0.201202,10.0602,0.201204
0.4,10.0802,0.201605,10.0803,0.201606
0.5,10.1004,0.202008,10.1005,0.20201
0.6,10.1206,0.202412,10.1207,0.202414
0.7,10.1408,0.202817,10.141,0.20282
0.8,10.1611,0.203222,10.1613,0.203226
0.9,10.1814,0.203629,10.1816,0.203633
1,10.2018,0.204036,10.202,0.20404
1.1,10.2222,0.204444,10.2224,0.204449
1.2,10.2427,0.204853,10.2429,0.204858
1.3,10.2631,0.205263,10.2634,0.205268
1.4,10.2837,0.205673,10.284,0.205679
1.5,10.3042,0.206085,10.3045,0.206091
1.6,10.3248,0.206497,10.3252,0.206504
1.7,10.3455,0.20691,10.3458,0.206917
1.8,10.3662,0.207324,10.3666,0.207331
1.9,10.3869,0.207738,10.3873,0.207746
2,10.4077,0.208154,10.4081,0.208162
2.1,10.4285,0.20857,10.4289,0.208579
2.2,10.4494,0.208987,10.4498,0.208996
2.3,10.4703,0.209405,10.4707,0.209415
2.4,10.4912,0.209824,10.4917,0.209834
2.5,10.5122,0.210244,10.5127,0.210254
2.6,10.5332,0.210664,10.5338,0.210675
2.7,10.5543,0.211086,10.5548,0.211097
2.8,10.5754,0.211508,10.576,0.21152
2.9,10.5965,0.211931,10.5971,0.211943
3,10.6177,0.212355,10.6184,0.212367
3.1,10.639,0.212779,10.6396,0.212792
3.2,10.6602,0.213205,10.6609,0.213218
3.3,10.6816,0.213631,10.6823,0.213645
3.4,10.7029,0.214059,10.7037,0.214073
3.5,10.7243,0.214487,10.7251,0.214502
3.6,10.7458,0.214916,10.7466,0.214931
3.7,10.7673,0.215345,10.7681,0.215361
3.8,10.7888,0.215776,10.7896,0.215793
3.9,10.8104,0.216208,10.8112,0.216225
4,10.832,0.21664,10.8329,0.216657
4.1,10.8537,0.217073,10.8546,0.217091
4.2,10.8754,0.217508,10.8763,0.217526
4.3,10.8971,0.217943,10.8981,0.217961
4.4,10.9189,0.218378,10.9199,0.218398
4.5,10.9408,0.218815,10.9417,0.218835
4.6,10.9626,0.219253,10.9636,0.219273
4.7,10.9846,0.219691,10.9856,0.219712
4.8,11.0065,0.220131,11.0076,0.220152
4.9,11.0285,0.220571,11.0296,0.220593
5,11.0506,0.221012,11.0517,0.221034
5.1,11.0727,0.221454,11.0738,0.221477
5.2,11.0949,0.221897,11.096,0.22192
5.3,11.117,0.222341,11.1182,0.222364
5.4,11.1393,0.222786,11.1405,0.22281
5.5,11.1616,0.223231,11.1628,0.223256
5.6,11.1839,0.223678,11.1851,0.223703
5.7,11.2062,0.224125,11.2075,0.22415
5.8,11.2287,0.224573,11.23,0.224599
5.9,11.2511,0.225022,11.2524,0.225049
6,11.2736,0.225472,11.275,0.225499
6.1,11.2962,0.225923,11.2975,0.225951
6.2,11.3188,0.226375,11.3202,0.226403
6.3,11.3414,0.226828,11.3428,0.226856
6.4,11.3641,0.227282,11.3655,0.227311
6.5,11.3868,0.227736,11.3883,0.227766
6.6,11.4096,0.228192,11.4111,0.228222
6.7,11.4324,0.228648,11.4339,0.228679
6.8,11.4553,0.229105,11.4568,0.229136
6.9,11.4782,0.229563,11.4798,0.229595
7,11.5011,0.230023,11.5027,0.230055
7.1,11.5241,0.230483,11.5258,0.230515
7.2,11.5472,0.230944,11.5488,0.230977
7.3,11.5703,0.231405,11.572,0.231439
7.4,11.5934,0.231868,11.5951,0.231903
7.5,11.6166,0.232332,11.6183,0.232367
7.6,11.6398,0.232797,11.6416,0.232832
7.7,11.6631,0.233262,11.6649,0.233298
7.8,11.6864,0.233729,11.6883,0.233765
7.9,11.7098,0.234196,11.7117,0.234233
8,11.7332,0.234665,11.7351,0.234702
8.1,11.7567,0.235134,11.7586,0.235172
8.2,11.7802,0.235604,11.7821,0.235643
8.3,11.8038,0.236075,11.8057,0.236115
8.4,11.8274,0.236548,11.8294,0.236587
8.5,11.851,0.237021,11.853,0.237061
8.6,11.8747,0.237495,11.8768,0.237536
8.7,11.8985,0.23797,11.9006,0.238011
8.8,11.9223,0.238446,11.9244,0.238488
8.9,11.9461,0.238923,11.9483,0.238965
9,11.97,0.2394,11.9722,0.239443
9.1,11.994,0.239879,11.9961,0.239923
9.2,12.0179,0.240359,12.0202,0.240403
9.3,12.042,0.24084,12.0442,0.240884
9.4,12.0661,0.241321,12.0683,0.241367
9.5,12.0902,0.241804,12.0925,0.24185
9.6,12.1144,0.242288,12.1167,0.242334
9.7,12.1386,0.242772,12.141,0.242819
9.8,12.1629,0.243258,12.1653,0.243305
9.9,12.1872,0.243744,12.1896,0.243792
10,12.2116,0.244232,12.214,0.244281
10.1,12.236,0.24472,12.2385,0.24477
10.2,12.2605,0.24521,12.263,0.24526
10.3,12.285,0.2457,12.2875,0.245751
10.4,12.3096,0.246191,12.3121,0.246243
10.5,12.3342,0.246684,12.3368,0.246736
10.6,12.3589,0.247177,12.3615,0.24723
10.7,12.3836,0.247672,12.3862,0.247725
10.8,12.4083,0.248167,12.411,0.24822
10.9,12.4332,0.248663,12.4359,0.248717
11,12.458,0.249161,12.4608,0.249215
11.1,12.4829,0.249659,12.4857,0.249714
11.2,12.5079,0.250158,12.5107,0.250214
11.3,12.5329,0.250659,12.5358,0.250715
11.4,12.558,0.25116,12.5609,0.251217
11.5,12.5831,0.251662,12.586,0.25172
11.6,12.6083,0.252166,12.6112,0.252224
11.7,12.6335,0.25267,12.6364,0.252729
11.8,12.6588,0.253175,12.6617,0.253235
11.9,12.6841,0.253682,12.6871,0.253742
12,12.7094,0.254189,12.7125,0.25425
12.1,12.7349,0.254697,12.7379,0.254759
12.2,12.7603,0.255207,12.7634,0.255269
12.3,12.7859,0.255717,12.789,0.25578
12.4,12.8114,0.256229,12.8146,0.256292
12.5,12.837,0.256741,12.8403,0.256805
12.6,12.8627,0.257254,12.866,0.257319
12.7,12.8884,0.257769,12.8917,0.257834
12.8,12.9142,0.258285,12.9175,0.258351
12.9,12.9401,0.258801,12.9434,0.258868
13,12.9659,0.259319,12.9693,0.259386
13.1,12.9919,0.259837,12.9953,0.259905
13.2,13.0178,0.260357,13.0213,0.260426
13.3,13.0439,0.260878,13.0474,0.260947
13.4,13.07,0.261399,13.0735,0.261469
13.5,13.0961,0.261922,13.0996,0.261993
13.6,13.1223,0.262446,13.1259,0.262517
13.7,13.1485,0.262971,13.1521,0.263043
13.8,13.1748,0.263497,13.1785,0.26357
13.9,13.2012,0.264024,13.2049,0.264097
14,13.2276,0.264552,13.2313,0.264626
14.1,13.2541,0.265081,13.2578,0.265156
14.2,13.2806,0.265611,13.2843,0.265687
14.3,13.3071,0.266142,13.3109,0.266218
14.4,13.3337,0.266675,13.3376,0.266751
14.5,13.3604,0.267208,13.3643,0.267285
14.6,13.3871,0.267743,13.391,0.267821
14.7,13.4139,0.268278,13.4178,0.268357
14.8,13.4407,0.268815,13.4447,0.268894
14.9,13.4676,0.269352,13.4716,0.269432
15,13.4945,0.269891,13.4986,0.269972
15.1,13.5215,0.270431,13.5256,0.270512
15.2,13.5486,0.270972,13.5527,0.271054
15.3,13.5757,0.271513,13.5798,0.271596
15.4,13.6028,0.272057,13.607,0.27214
15.5,13.63,0.272601,13.6343,0.272685
15.6,13.6573,0.273146,13.6615,0.273231
15.7,13.6846,0.273692,13.6889,0.273778
15.8,13.712,0.274239,13.7163,0.274326
15.9,13.7394,0.274788,13.7438,0.274875
16,13.7669,0.275338,13.7713,0.275426
16.1,13.7944,0.275888,13.7988,0.275977
16.2,13.822,0.27644,13.8265,0.276529
16.3,13.8496,0.276993,13.8542,0.277083
16.4,13.8773,0.277547,13.8819,0.277638
16.5,13.9051,0.278102,13.9097,0.278194
16.6,13.9329,0.278658,13.9375,0.278751
16.7,13.9608,0.279215,13.9654,0.279309
16.8,13.9887,0.279774,13.9934,0.279868
16.9,14.0167,0.280333,14.0214,0.280428
17,14.0447,0.280894,14.0495,0.28099
17.1,14.0728,0.281456,14.0776,0.281552
17.2,14.1009,0.282019,14.1058,0.282116
17.3,14.1291,0.282583,14.134,0.282681
17.4,14.1574,0.283148,14.1623,0.283246
17.5,14.1857,0.283714,14.1907,0.283814
17.6,14.2141,0.284282,14.2191,0.284382
17.7,14.2425,0.28485,14.2476,0.284951
17.8,14.271,0.28542,14.2761,0.285522
17.9,14.2995,0.285991,14.3047,0.286093
18,14.3281,0.286563,14.3333,0.286666
18.1,14.3568,0.287136,14.362,0.28724
18.2,14.3855,0.28771,14.3907,0.287815
18.3,14.4143,0.288286,14.4196,0.288391
18.4,14.4431,0.288862,14.4484,0.288968
18.5,14.472,0.28944,14.4773,0.289547
18.6,14.5009,0.290019,14.5063,0.290127
18.7,14.5299,0.290599,14.5354,0.290707
18.8,14.559,0.29118,14.5645,0.291289
18.9,14.5881,0.291762,14.5936,0.291873
19,14.6173,0.292346,14.6228,0.292457
19.1,14.6465,0.292931,14.6521,0.293042
19.2,14.6758,0.293517,14.6815,0.293629
19.3,14.7052,0.294104,14.7108,0.294217
19.4,14.7346,0.294692,14.7403,0.294806
19.5,14.7641,0.295281,14.7698,0.295396
19.6,14.7936,0.295872,14.7994,0.295988
19.7,14.8232,0.296463,14.829,0.29658
19.8,14.8528,0.297056,14.8587,0.297174
19.9,14.8825,0.29765,14.8884,0.297769
20,14.9123,0.298246,14.9182,0.298365
20.1,14.9421,0.298842,14.9481,0.298962
20.2,14.972,0.29944,14.978,0.299561
20.3,15.0019,0.300039,15.008,0.300161
20.4,15.0319,0.300639,15.0381,0.300761
20.5,15.062,0.30124,15.0682,0.301364
20.6,15.0921,0.301843,15.0983,0.301967
20.7,15.1223,0.302446,15.1286,0.302571
20.8,15.1526,0.303051,15.1589,0.303177
20.9,15.1829,0.303657,15.1892,0.303784
21,15.2132,0.304265,15.2196,0.304392
21.1,15.2437,0.304873,15.2501,0.305002
21.2,15.2741,0.305483,15.2806,0.305612
21.3,15.3047,0.306094,15.3112,0.306224
21.4,15.3353,0.306706,15.3419,0.306837
21.5,15.366,0.30732,15.3726,0.307452
21.6,15.3967,0.307934,15.4034,0.308067
21.7,15.4275,0.30855,15.4342,0.308684
21.8,15.4584,0.309167,15.4651,0.309302
21.9,15.4893,0.309785,15.496,0.309921
22,15.5203,0.310405,15.5271,0.310541
22.1,15.5513,0.311026,15.5582,0.311163
22.2,15.5824,0.311648,15.5893,0.311786
22.3,15.6136,0.312271,15.6205,0.31241
22.4,15.6448,0.312896,15.6518,0.313036
22.5,15.6761,0.313522,15.6831,0.313662
22.6,15.7074,0.314149,15.7145,0.31429
22.7,15.7388,0.314777,15.746,0.31492
22.8,15.7703,0.315406,15.7775,0.31555
22.9,15.8019,0.316037,15.8091,0.316182
23,15.8335,0.316669,15.8407,0.316815
23.1,15.8651,0.317303,15.8725,0.317449
23.2,15.8969,0.317937,15.9042,0.318085
23.3,15.9287,0.318573,15.9361,0.318721
23.4,15.9605,0.31921,15.968,0.319359
23.5,15.9924,0.319849,15.9999,0.319999
23.6,16.0244,0.320488,16.032,0.320639
23.7,16.0565,0.321129,16.0641,0.321281
23.8,16.0886,0.321772,16.0962,0.321925
23.9,16.1208,0.322415,16.1285,0.322569
24,16.153,0.32306,16.1607,0.323215
24.1,16.1853,0.323706,16.1931,0.323862
24.2,16.2177,0.324354,16.2255,0.32451
24.3,16.2501,0.325002,16.258,0.32516
24.4,16.2826,0.325652,16.2905,0.325811
24.5,16.3152,0.326304,16.3232,0.326463
24.6,16.3478,0.326956,16.3558,0.327117
24.7,16.3805,0.32761,16.3886,0.327772
24.8,16.4133,0.328265,16.4214,0.328428
24.9,16.4461,0.328922,16.4543,0.329085
25,16.479,0.32958,16.4872,0.329744
25.1,16.5119,0.330239,16.5202,0.330404
25.2,16.545,0.330899,16.5533,0.331066
25.3,16.5781,0.331561,16.5864,0.331729
25.4,16.6112,0.332224,16.6196,0.332393
25.5,16.6444,0.332889,16.6529,0.333058
25.6,16.6777,0.333554,16.6863,0.333725
25.7,16.7111,0.334222,16.7197,0.334393
25.8,16.7445,0.33489,16.7531,0.335063
25.9,16.778,0.33556,16.7867,0.335733
26,16.8115,0.336231,16.8203,0.336406
26.1,16.8452,0.336903,16.854,0.337079
26.2,16.8789,0.337577,16.8877,0.337754
26.3,16.9126,0.338252,16.9215,0.33843
26.4,16.9464,0.338929,16.9554,0.339108
26.5,16.9803,0.339607,16.9893,0.339786
26.6,17.0143,0.340286,17.0233,0.340467
26.7,17.0483,0.340966,17.0574,0.341148
26.8,17.0824,0.341648,17.0916,0.341831
26.9,17.1166,0.342332,17.1258,0.342516
27,17.1508,0.343016,17.1601,0.343201
27.1,17.1851,0.343702,17.1944,0.343888
27.2,17.2195,0.34439,17.2288,0.344577
27.3,17.2539,0.345079,17.2633,0.345267
27.4,17.2884,0.345769,17.2979,0.345958
27.5,17.323,0.34646,17.3325,0.346651
27.6,17.3577,0.347153,17.3672,0.347345
27.7,17.3924,0.347847,17.402,0.34804
27.8,17.4272,0.348543,17.4368,0.348737
27.9,17.462,0.34924,17.4717,0.349435
28,17.4969,0.349939,17.5067,0.350135
28.1,17.5319,0.350639,17.5418,0.350835
28.2,17.567,0.35134,17.5769,0.351538
28.3,17.6021,0.352043,17.6121,0.352242
28.4,17.6373,0.352747,17.6473,0.352947
28.5,17.6726,0.353452,17.6827,0.353653
28.6,17.708,0.354159,17.7181,0.354361
28.7,17.7434,0.354867,17.7535,0.355071
28.8,17.7789,0.355577,17.7891,0.355782
28.9,17.8144,0.356288,17.8247,0.356494
29,17.85,0.357001,17.8604,0.357208
29.1,17.8857,0.357715,17.8961,0.357923
29.2,17.9215,0.35843,17.932,0.358639
29.3,17.9574,0.359147,17.9679,0.359357
29.4,17.9933,0.359865,18.0038,0.360077
29.5,18.0293,0.360585,18.0399,0.360798
29.6,18.0653,0.361306,18.076,0.36152
29.7,18.1014,0.362029,18.1122,0.362244
29.8,18.1376,0.362753,18.1484,0.362969
29.9,18.1739,0.363479,18.1848,0.363696
30,18.2103,0.364205,18.2212,0.364424
30.1,18.2467,0.364934,18.2577,0.365153
30.2,18.2832,0.365664,18.2942,0.365884
30.3,18.3198,0.366395,18.3308,0.366617
30.4,18.3564,0.367128,18.3675,0.367351
30.5,18.3931,0.367862,18.4043,0.368086
30.6,18.4299,0.368598,18.4412,0.368823
30.7,18.4668,0.369335,18.4781,0.369562
30.8,18.5037,0.370074,18.5151,0.370301
30.9,18.5407,0.370814,18.5521,0.371043
31,18.5778,0.371555,18.5893,0.371786
31.1,18.6149,0.372299,18.6265,0.37253
31.2,18.6522,0.373043,18.6638,0.373276
31.3,18.6895,0.373789,18.7012,0.374023
31.4,18.7268,0.374537,18.7386,0.374772
31.5,18.7643,0.375286,18.7761,0.375522
31.6,18.8018,0.376036,18.8137,0.376274
31.7,18.8394,0.376789,18.8514,0.377027
31.8,18.8771,0.377542,18.8891,0.377782
31.9,18.9149,0.378297,18.9269,0.378538
32,18.9527,0.379054,18.9648,0.379296
32.1,18.9906,0.379812,19.0028,0.380056
32.2,19.0286,0.380572,19.0408,0.380816
32.3,19.0666,0.381333,19.0789,0.381579
32.4,19.1048,0.382095,19.1171,0.382343
32.5,19.143,0.38286,19.1554,0.383108
32.6,19.1813,0.383625,19.1938,0.383875
32.7,19.2196,0.384393,19.2322,0.384644
32.8,19.2581,0.385161,19.2707,0.385414
32.9,19.2966,0.385932,19.3093,0.386185
33,19.3352,0.386703,19.3479,0.386958
33.1,19.3738,0.387477,19.3867,0.387733
33.2,19.4126,0.388252,19.4255,0.388509
33.3,19.4514,0.389028,19.4644,0.389287
33.4,19.4903,0.389806,19.5033,0.390067
33.5,19.5293,0.390586,19.5424,0.390847
33.6,19.5684,0.391367,19.5815,0.39163
33.7,19.6075,0.39215,19.6207,0.392414
33.8,19.6467,0.392934,19.66,0.3932
33.9,19.686,0.39372,19.6993,0.393987
34,19.7254,0.394508,19.7388,0.394776
34.1,19.7648,0.395297,19.7783,0.395566
34.2,19.8044,0.396087,19.8179,0.396358
34.3,19.844,0.396879,19.8576,0.397151
34.4,19.8837,0.397673,19.8973,0.397946
34.5,19.9234,0.398468,19.9372,0.398743
34.6,19.9633,0.399265,19.9771,0.399541
34.7,20.0032,0.400064,20.0171,0.400341
34.8,20.0432,0.400864,20.0571,0.401143
34.9,20.0833,0.401666,20.0973,0.401946
35,20.1235,0.402469,20.1375,0.402751
35.1,20.1637,0.403274,20.1778,0.403557
35.2,20.204,0.404081,20.2182,0.404365
35.3,20.2444,0.404889,20.2587,0.405174
35.4,20.2849,0.405699,20.2993,0.405985
35.5,20.3255,0.40651,20.3399,0.406798
35.6,20.3661,0.407323,20.3806,0.407613
35.7,20.4069,0.408138,20.4214,0.408429
35.8,20.4477,0.408954,20.4623,0.409246
35.9,20.4886,0.409772,20.5033,0.410066
36,20.5296,0.410591,20.5443,0.410887
36.1,20.5706,0.411412,20.5855,0.411709
36.2,20.6118,0.412235,20.6267,0.412533
36.3,20.653,0.41306,20.668,0.413359
36.4,20.6943,0.413886,20.7093,0.414187
36.5,20.7357,0.414714,20.7508,0.415016
36.6,20.7772,0.415543,20.7923,0.415847
36.7,20.8187,0.416374,20.834,0.41668
36.8,20.8603,0.417207,20.8757,0.417514
36.9,20.9021,0.418041,20.9175,0.41835
37,20.9439,0.418877,20.9594,0.419187
37.1,20.9858,0.419715,21.0013,0.420026
37.2,21.0277,0.420555,21.0434,0.420867
37.3,21.0698,0.421396,21.0855,0.42171
37.4,21.1119,0.422239,21.1277,0.422554
37.5,21.1541,0.423083,21.17,0.4234
37.6,21.1965,0.423929,21.2124,0.424248
37.7,21.2389,0.424777,21.2548,0.425097
37.8,21.2813,0.425627,21.2974,0.425948
37.9,21.3239,0.426478,21.34,0.426801
38,21.3665,0.427331,21.3828,0.427655
38.1,21.4093,0.428185,21.4256,0.428511
38.2,21.4521,0.429042,21.4685,0.429369
38.3,21.495,0.4299,21.5114,0.430229
38.4,21.538,0.43076,21.5545,0.43109
38.5,21.5811,0.431621,21.5977,0.431953
38.6,21.6242,0.432484,21.6409,0.432818
38.7,21.6675,0.433349,21.6842,0.433685
38.8,21.7108,0.434216,21.7276,0.434553
38.9,21.7542,0.435085,21.7711,0.435423
39,21.7977,0.435955,21.8147,0.436294
39.1,21.8413,0.436827,21.8584,0.437168
39.2,21.885,0.4377,21.9022,0.438043
39.3,21.9288,0.438576,21.946,0.43892
39.4,21.9726,0.439453,21.9899,0.439799
39.5,22.0166,0.440332,22.034,0.440679
39.6,22.0606,0.441212,22.0781,0.441562
39.7,22.1047,0.442095,22.1223,0.442446
39.8,22.149,0.442979,22.1666,0.443331
39.9,22.1932,0.443865,22.2109,0.444219
40,22.2376,0.444753,22.2554,0.445108
40.1,22.2821,0.445642,22.3,0.445999
40.2,22.3267,0.446534,22.3446,0.446892
40.3,22.3713,0.447427,22.3893,0.447787
40.4,22.4161,0.448321,22.4342,0.448683
40.5,22.4609,0.449218,22.4791,0.449582
40.6,22.5058,0.450117,22.5241,0.450482
40.7,22.5508,0.451017,22.5692,0.451384
40.8,22.5959,0.451919,22.6144,0.452287
40.9,22.6411,0.452823,22.6596,0.453193
41,22.6864,0.453728,22.705,0.4541
41.1,22.7318,0.454636,22.7505,0.455009
41.2,22.7772,0.455545,22.796,0.45592
41.3,22.8228,0.456456,22.8416,0.456833
41.4,22.8684,0.457369,22.8874,0.457747
41.5,22.9142,0.458284,22.9332,0.458664
41.6,22.96,0.4592,22.9791,0.459582
41.7,23.0059,0.460119,23.0251,0.460502
41.8,23.0519,0.461039,23.0712,0.461424
41.9,23.0981,0.461961,23.1174,0.462348
42,23.1442,0.462885,23.1637,0.463273
42.1,23.1905,0.463811,23.21,0.464201
42.2,23.2369,0.464738,23.2565,0.46513
42.3,23.2834,0.465668,23.3031,0.466061
42.4,23.33,0.466599,23.3497,0.466994
42.5,23.3766,0.467532,23.3965,0.467929
42.6,23.4234,0.468467,23.4433,0.468866
42.7,23.4702,0.469404,23.4902,0.469805
42.8,23.5172,0.470343,23.5373,0.470745
42.9,23.5642,0.471284,23.5844,0.471688
43,23.6113,0.472226,23.6316,0.472632
43.1,23.6585,0.473171,23.6789,0.473578
43.2,23.7059,0.474117,23.7263,0.474526
43.3,23.7533,0.475065,23.7738,0.475476
43.4,23.8008,0.476016,23.8214,0.476428
43.5,23.8484,0.476968,23.8691,0.477382
43.6,23.8961,0.477922,23.9169,0.478338
43.7,23.9439,0.478877,23.9648,0.479296
43.8,23.9918,0.479835,24.0128,0.480255
43.9,24.0397,0.480795,24.0608,0.481217
44,24.0878,0.481756,24.109,0.48218
44.1,24.136,0.48272,24.1573,0.483145
44.2,24.1843,0.483685,24.2056,0.484113
44.3,24.2326,0.484653,24.2541,0.485082
44.4,24.2811,0.485622,24.3026,0.486053
44.5,24.3297,0.486593,24.3513,0.487026
44.6,24.3783,0.487566,24.4,0.488001
44.7,24.4271,0.488542,24.4489,0.488978
44.8,24.4759,0.489519,24.4978,0.489957
44.9,24.5249,0.490498,24.5469,0.490938
45,24.5739,0.491479,24.596,0.491921
45.1,24.6231,0.492462,24.6453,0.492905
45.2,24.6723,0.493447,24.6946,0.493892
45.3,24.7217,0.494433,24.7441,0.494881
45.4,24.7711,0.495422,24.7936,0.495872
45.5,24.8207,0.496413,24.8432,0.496865
45.6,24.8703,0.497406,24.893,0.497859
45.7,24.92,0.498401,24.9428,0.498856
45.8,24.9699,0.499398,24.9927,0.499855
45.9,25.0198,0.500396,25.0428,0.500855
46,25.0699,0.501397,25.0929,0.501858
46.1,25.12,0.5024,25.1431,0.502863
46.2,25.1702,0.503405,25.1935,0.50387
46.3,25.2206,0.504412,25.2439,0.504878
46.4,25.271,0.50542,25.2945,0.505889
46.5,25.3216,0.506431,25.3451,0.506902
46.6,25.3722,0.507444,25.3958,0.507917
46.7,25.423,0.508459,25.4467,0.508934
46.8,25.4738,0.509476,25.4976,0.509952
46.9,25.5247,0.510495,25.5487,0.510973
47,25.5758,0.511516,25.5998,0.511996
47.1,25.6269,0.512539,25.6511,0.513021
47.2,25.6782,0.513564,25.7024,0.514048
47.3,25.7296,0.514591,25.7539,0.515077
47.4,25.781,0.51562,25.8054,0.516109
47.5,25.8326,0.516652,25.8571,0.517142
47.6,25.8842,0.517685,25.9089,0.518177
47.7,25.936,0.51872,25.9607,0.519215
47.8,25.9879,0.519758,26.0127,0.520254
47.9,26.0399,0.520797,26.0648,0.521296
48,26.0919,0.521839,26.117,0.522339
48.1,26.1441,0.522882,26.1693,0.523385
48.2,26.1964,0.523928,26.2216,0.524433
48.3,26.2488,0.524976,26.2741,0.525483
48.4,26.3013,0.526026,26.3267,0.526535
48.5,26.3539,0.527078,26.3794,0.527589
48.6,26.4066,0.528132,26.4323,0.528645
48.7,26.4594,0.529188,26.4852,0.529703
48.8,26.5123,0.530247,26.5382,0.530764
48.9,26.5654,0.531307,26.5913,0.531827
49,26.6185,0.53237,26.6446,0.532891
49.1,26.6717,0.533435,26.6979,0.533958
49.2,26.7251,0.534502,26.7514,0.535027
49.3,26.7785,0.535571,26.8049,0.536098
49.4,26.8321,0.536642,26.8586,0.537171
49.5,26.8858,0.537715,26.9123,0.538247
49.6,26.9395,0.53879,26.9662,0.539324
49.7,26.9934,0.539868,27.0202,0.540404
49.8,27.0474,0.540948,27.0743,0.541486
49.9,27.1015,0.54203,27.1285,0.54257
50,27.1557,0.543114,27.1828,0.543656
50.1,27.21,0.5442,27.2372,0.544745
50.2,27.2644,0.545288,27.2918,0.545835
50.3,27.3189,0.546379,27.3464,0.546928
50.4,27.3736,0.547472,27.4012,0.548023
50.5,27.4283,0.548567,27.456,0.54912
50.6,27.4832,0.549664,27.511,0.55022
50.7,27.5382,0.550763,27.5661,0.551321
50.8,27.5932,0.551865,27.6212,0.552425
50.9,27.6484,0.552968,27.6765,0.553531
51,27.7037,0.554074,27.7319,0.554639
51.1,27.7591,0.555182,27.7875,0.555749
51.2,27.8146,0.556293,27.8431,0.556862
51.3,27.8703,0.557405,27.8988,0.557977
51.4,27.926,0.55852,27.9547,0.559094
51.5,27.9819,0.559637,28.0107,0.560213
51.6,28.0378,0.560756,28.0667,0.561335
51.7,28.0939,0.561878,28.1229,0.562459
51.8,28.1501,0.563002,28.1792,0.563585
51.9,28.2064,0.564128,28.2356,0.564713
52,28.2628,0.565256,28.2922,0.565843
52.1,28.3193,0.566387,28.3488,0.566976
52.2,28.376,0.567519,28.4056,0.568111
52.3,28.4327,0.568654,28.4624,0.569249
52.4,28.4896,0.569792,28.5194,0.570388
52.5,28.5466,0.570931,28.5765,0.57153
52.6,28.6037,0.572073,28.6337,0.572674
52.7,28.6609,0.573217,28.691,0.573821
52.8,28.7182,0.574364,28.7485,0.57497
52.9,28.7756,0.575512,28.806,0.576121
53,28.8332,0.576663,28.8637,0.577274
53.1,28.8908,0.577817,28.9215,0.57843
53.2,28.9486,0.578972,28.9794,0.579588
53.3,29.0065,0.58013,29.0374,0.580748
53.4,29.0645,0.581291,29.0955,0.581911
53.5,29.1227,0.582453,29.1538,0.583076
53.6,29.1809,0.583618,29.2122,0.584243
53.7,29.2393,0.584785,29.2706,0.585413
53.8,29.2977,0.585955,29.3292,0.586585
53.9,29.3563,0.587127,29.388,0.587759
54,29.4151,0.588301,29.4468,0.588936
54.1,29.4739,0.589478,29.5057,0.590115
54.2,29.5328,0.590657,29.5648,0.591296
54.3,29.5919,0.591838,29.624,0.59248
54.4,29.6511,0.593022,29.6833,0.593666
54.5,29.7104,0.594208,29.7427,0.594855
54.6,29.7698,0.595396,29.8023,0.596046
54.7,29.8293,0.596587,29.8619,0.597239
54.8,29.889,0.59778,29.9217,0.598435
54.9,29.9488,0.598976,29.9816,0.599633
55,30.0087,0.600174,30.0417,0.600833
55.1,30.0687,0.601374,30.1018,0.602036
55.2,30.1288,0.602577,30.1621,0.603241
55.3,30.1891,0.603782,30.2225,0.604449
55.4,30.2495,0.604989,30.283,0.605659
55.5,30.31,0.606199,30.3436,0.606872
55.6,30.3706,0.607412,30.4043,0.608087
55.7,30.4313,0.608627,30.4652,0.609304
55.8,30.4922,0.609844,30.5262,0.610524
55.9,30.5532,0.611063,30.5873,0.611746
56,30.6143,0.612286,30.6485,0.612971
56.1,30.6755,0.61351,30.7099,0.614198
56.2,30.7369,0.614737,30.7714,0.615428
56.3,30.7983,0.615967,30.833,0.61666
56.4,30.8599,0.617199,30.8947,0.617894
56.5,30.9217,0.618433,30.9566,0.619131
56.6,30.9835,0.61967,31.0185,0.620371
56.7,31.0455,0.620909,31.0806,0.621613
56.8,31.1076,0.622151,31.1429,0.622857
56.9,31.1698,0.623395,31.2052,0.624104
57,31.2321,0.624642,31.2677,0.625354
57.1,31.2946,0.625891,31.3303,0.626606
57.2,31.3572,0.627143,31.393,0.62786
57.3,31.4199,0.628397,31.4559,0.629117
57.4,31.4827,0.629654,31.5188,0.630377
57.5,31.5457,0.630914,31.5819,0.631639
57.6,31.6088,0.632175,31.6452,0.632903
57.7,31.672,0.63344,31.7085,0.63417
57.8,31.7353,0.634707,31.772,0.63544
57.9,31.7988,0.635976,31.8356,0.636712
58,31.8624,0.637248,31.8993,0.637987
58.1,31.9261,0.638522,31.9632,0.639264
58.2,31.99,0.6398,32.0272,0.640544
58.3,32.054,0.641079,32.0913,0.641826
58.4,32.1181,0.642361,32.1556,0.643111
58.5,32.1823,0.643646,32.2199,0.644399
58.6,32.2467,0.644933,32.2844,0.645689
58.7,32.3112,0.646223,32.3491,0.646981
58.8,32.3758,0.647516,32.4138,0.648277
58.9,32.4405,0.648811,32.4787,0.649574
59,32.5054,0.650108,32.5437,0.650875
59.1,32.5704,0.651408,32.6089,0.652178
59.2,32.6356,0.652711,32.6742,0.653484
59.3,32.7008,0.654017,32.7396,0.654792
59.4,32.7662,0.655325,32.8051,0.656103
59.5,32.8318,0.656635,32.8708,0.657416
59.6,32.8974,0.657949,32.9366,0.658732
59.7,32.9632,0.659265,33.0026,0.660051
59.8,33.0292,0.660583,33.0686,0.661373
59.9,33.0952,0.661904,33.1348,0.662697
60,33.1614,0.663228,33.2012,0.664023
60.1,33.2277,0.664555,33.2676,0.665353
60.2,33.2942,0.665884,33.3342,0.666685
60.3,33.3608,0.667215,33.401,0.66802
60.4,33.4275,0.66855,33.4678,0.669357
60.5,33.4943,0.669887,33.5348,0.670697
60.6,33.5613,0.671227,33.602,0.67204
60.7,33.6285,0.672569,33.6693,0.673385
60.8,33.6957,0.673914,33.7367,0.674733
60.9,33.7631,0.675262,33.8042,0.676084
61,33.8306,0.676613,33.8719,0.677438
61.1,33.8983,0.677966,33.9397,0.678794
61.2,33.9661,0.679322,34.0076,0.680153
61.3,34.034,0.68068,34.0757,0.681514
61.4,34.1021,0.682042,34.1439,0.682879
61.5,34.1703,0.683406,34.2123,0.684246
61.6,34.2386,0.684773,34.2808,0.685616
61.7,34.3071,0.686142,34.3494,0.686988
61.8,34.3757,0.687515,34.4182,0.688364
61.9,34.4445,0.68889,34.4871,0.689742
62,34.5134,0.690267,34.5561,0.691123
62.1,34.5824,0.691648,34.6253,0.692506
62.2,34.6516,0.693031,34.6946,0.693893
62.3,34.7209,0.694417,34.7641,0.695282
62.4,34.7903,0.695806,34.8337,0.696674
62.5,34.8599,0.697198,34.9034,0.698069
62.6,34.9296,0.698592,34.9733,0.699466
62.7,34.9995,0.699989,35.0433,0.700866
62.8,35.0695,0.701389,35.1135,0.70227
62.9,35.1396,0.702792,35.1838,0.703676
63,35.2099,0.704198,35.2542,0.705084
63.1,35.2803,0.705606,35.3248,0.706496
63.2,35.3509,0.707017,35.3955,0.70791
63.3,35.4216,0.708431,35.4664,0.709328
63.4,35.4924,0.709848,35.5374,0.710748
63.5,35.5634,0.711268,35.6085,0.712171
63.6,35.6345,0.71269,35.6798,0.713596
63.7,35.7058,0.714116,35.7512,0.715025
63.8,35.7772,0.715544,35.8228,0.716456
63.9,35.8488,0.716975,35.8945,0.717891
64,35.9205,0.718409,35.9664,0.719328
64.1,35.9923,0.719846,36.0384,0.720768
64.2,36.0643,0.721286,36.1106,0.722211
64.3,36.1364,0.722728,36.1828,0.723657
64.4,36.2087,0.724174,36.2553,0.725106
64.5,36.2811,0.725622,36.3279,0.726557
64.6,36.3537,0.727073,36.4006,0.728012
64.7,36.4264,0.728527,36.4735,0.729469
64.8,36.4992,0.729984,36.5465,0.73093
64.9,36.5722,0.731444,36.6197,0.732393
65,36.6454,0.732907,36.693,0.733859
65.1,36.7187,0.734373,36.7664,0.735329
65.2,36.7921,0.735842,36.84,0.736801
65.3,36.8657,0.737313,36.9138,0.738276
65.4,36.9394,0.738788,36.9877,0.739754
65.5,37.0133,0.740266,37.0617,0.741235
65.6,37.0873,0.741746,37.1359,0.742719
65.7,37.1615,0.74323,37.2103,0.744206
65.8,37.2358,0.744716,37.2848,0.745696
65.9,37.3103,0.746206,37.3594,0.747188
66,37.3849,0.747698,37.4342,0.748684
66.1,37.4597,0.749193,37.5092,0.750183
66.2,37.5346,0.750692,37.5843,0.751685
66.3,37.6097,0.752193,37.6595,0.75319
66.4,37.6849,0.753698,37.7349,0.754698
66.5,37.7602,0.755205,37.8104,0.756209
66.6,37.8358,0.756715,37.8861,0.757723
66.7,37.9114,0.758229,37.962,0.75924
66.8,37.9873,0.759745,38.038,0.76076
66.9,38.0632,0.761265,38.1141,0.762283
67,38.1394,0.762787,38.1904,0.763809
67.1,38.2156,0.764313,38.2669,0.765338
67.2,38.2921,0.765841,38.3435,0.76687
67.3,38.3687,0.767373,38.4203,0.768405
67.4,38.4454,0.768908,38.4972,0.769944
67.5,38.5223,0.770446,38.5743,0.771485
67.6,38.5993,0.771987,38.6515,0.77303
67.7,38.6765,0.773531,38.7289,0.774577
67.8,38.7539,0.775078,38.8064,0.776128
67.9,38.8314,0.776628,38.8841,0.777682
68,38.9091,0.778181,38.9619,0.779239
68.1,38.9869,0.779737,39.0399,0.780799
68.2,39.0648,0.781297,39.1181,0.782362
68.3,39.143,0.782859,39.1964,0.783928
68.4,39.2213,0.784425,39.2749,0.785498
68.5,39.2997,0.785994,39.3535,0.78707
68.6,39.3783,0.787566,39.4323,0.788646
68.7,39.4571,0.789141,39.5112,0.790225
68.8,39.536,0.790719,39.5903,0.791807
68.9,39.615,0.792301,39.6696,0.793392
69,39.6943,0.793885,39.749,0.79498
69.1,39.7737,0.795473,39.8286,0.796572
69.2,39.8532,0.797064,39.9083,0.798167
69.3,39.9329,0.798658,39.9882,0.799765
69.4,40.0128,0.800256,40.0683,0.801366
69.5,40.0928,0.801856,40.1485,0.80297
69.6,40.173,0.80346,40.2289,0.804578
69.7,40.2533,0.805067,40.3094,0.806188
69.8,40.3338,0.806677,40.3901,0.807802
69.9,40.4145,0.80829,40.471,0.80942
70,40.4953,0.809907,40.552,0.81104
70.1,40.5763,0.811527,40.6332,0.812664
70.2,40.6575,0.81315,40.7145,0.814291
70.3,40.7388,0.814776,40.796,0.815921
70.4,40.8203,0.816406,40.8777,0.817554
70.5,40.9019,0.818038,40.9596,0.819191
70.6,40.9837,0.819674,41.0416,0.820831
70.7,41.0657,0.821314,41.1237,0.822474
70.8,41.1478,0.822956,41.2061,0.824121
70.9,41.2301,0.824602,41.2885,0.825771
71,41.3126,0.826252,41.3712,0.827424
71.1,41.3952,0.827904,41.454,0.829081
71.2,41.478,0.82956,41.537,0.83074
71.3,41.5609,0.831219,41.6202,0.832404
71.4,41.6441,0.832881,41.7035,0.83407
71.5,41.7274,0.834547,41.787,0.83574
71.6,41.8108,0.836216,41.8706,0.837413
71.7,41.8944,0.837889,41.9545,0.839089
71.8,41.9782,0.839564,42.0385,0.840769
71.9,42.0622,0.841244,42.1226,0.842453
72,42.1463,0.842926,42.207,0.844139
72.1,42.2306,0.844612,42.2915,0.845829
72.2,42.3151,0.846301,42.3761,0.847522
72.3,42.3997,0.847994,42.461,0.849219
72.4,42.4845,0.84969,42.546,0.850919
72.5,42.5695,0.851389,42.6311,0.852623
72.6,42.6546,0.853092,42.7165,0.85433
72.7,42.7399,0.854798,42.802,0.85604
72.8,42.8254,0.856508,42.8877,0.857754
72.9,42.911,0.858221,42.9736,0.859471
73,42.9969,0.859937,43.0596,0.861192
73.1,43.0829,0.861657,43.1458,0.862916
73.2,43.169,0.86338,43.2322,0.864644
73.3,43.2554,0.865107,43.3187,0.866375
73.4,43.3419,0.866837,43.4055,0.868109
73.5,43.4285,0.868571,43.4924,0.869847
73.6,43.5154,0.870308,43.5794,0.871588
73.7,43.6024,0.872049,43.6667,0.873333
73.8,43.6896,0.873793,43.7541,0.875082
73.9,43.777,0.87554,43.8417,0.876834
74,43.8646,0.877292,43.9295,0.878589
74.1,43.9523,0.879046,44.0174,0.880348
74.2,44.0402,0.880804,44.1055,0.882111
74.3,44.1283,0.882566,44.1938,0.883877
74.4,44.2165,0.884331,44.2823,0.885646
74.5,44.305,0.8861,44.371,0.887419
74.6,44.3936,0.887872,44.4598,0.889196
74.7,44.4824,0.889648,44.5488,0.890976
74.8,44.5713,0.891427,44.638,0.89276
74.9,44.6605,0.89321,44.7273,0.894547
75,44.7498,0.894996,44.8169,0.896338
75.1,44.8393,0.896786,44.9066,0.898132
75.2,44.929,0.89858,44.9965,0.89993
75.3,45.0188,0.900377,45.0866,0.901732
75.4,45.1089,0.902178,45.1769,0.903537
75.5,45.1991,0.903982,45.2673,0.905346
75.6,45.2895,0.90579,45.3579,0.907159
75.7,45.3801,0.907601,45.4487,0.908975
75.8,45.4708,0.909417,45.5397,0.910795
75.9,45.5618,0.911236,45.6309,0.912618
76,45.6529,0.913058,45.7223,0.914445
76.1,45.7442,0.914884,45.8138,0.916276
76.2,45.8357,0.916714,45.9055,0.91811
76.3,45.9274,0.918547,45.9974,0.919948
76.4,46.0192,0.920384,46.0895,0.92179
76.5,46.1113,0.922225,46.1818,0.923635
76.6,46.2035,0.92407,46.2742,0.925484
76.7,46.2959,0.925918,46.3669,0.927337
76.8,46.3885,0.92777,46.4597,0.929194
76.9,46.4813,0.929625,46.5527,0.931054
77,46.5742,0.931484,46.6459,0.932918
77.1,46.6674,0.933347,46.7393,0.934786
77.2,46.7607,0.935214,46.8329,0.936657
77.3,46.8542,0.937084,46.9266,0.938532
77.4,46.9479,0.938959,47.0206,0.940411
77.5,47.0418,0.940837,47.1147,0.942294
77.6,47.1359,0.942718,47.209,0.944181
77.7,47.2302,0.944604,47.3035,0.946071
77.8,47.3246,0.946493,47.3982,0.947965
77.9,47.4193,0.948386,47.4931,0.949863
78,47.5141,0.950283,47.5882,0.951764
78.1,47.6092,0.952183,47.6835,0.95367
78.2,47.7044,0.954088,47.7789,0.955579
78.3,47.7998,0.955996,47.8746,0.957492
78.4,47.8954,0.957908,47.9704,0.959409
78.5,47.9912,0.959824,48.0665,0.96133
78.6,48.0872,0.961743,48.1627,0.963254
78.7,48.1833,0.963667,48.2591,0.965183
78.8,48.2797,0.965594,48.3557,0.967115
78.9,48.3763,0.967525,48.4526,0.969051
79,48.473,0.96946,48.5496,0.970991
79.1,48.57,0.971399,48.6468,0.972935
79.2,48.6671,0.973342,48.7441,0.974883
79.3,48.7644,0.975289,48.8417,0.976835
79.4,48.862,0.977239,48.9395,0.97879
79.5,48.9597,0.979194,49.0375,0.98075
79.6,49.0576,0.981152,49.1357,0.982713
79.7,49.1557,0.983114,49.234,0.984681
79.8,49.254,0.985081,49.3326,0.986652
79.9,49.3525,0.987051,49.4314,0.988627
80,49.4512,0.989025,49.5303,0.990606
80.1,49.5501,0.991003,49.6295,0.99259
80.2,49.6492,0.992985,49.7288,0.994577
80.3,49.7485,0.994971,49.8284,0.996568
80.4,49.848,0.996961,49.9282,0.998563
80.5,49.9477,0.998955,50.0281,1.00056
80.6,50.0476,1.00095,50.1283,1.00257
80.7,50.1477,1.00295,50.2286,1.00457
80.8,50.248,1.00496,50.3292,1.00658
80.9,50.3485,1.00697,50.4299,1.0086
81,50.4492,1.00898,50.5309,1.01062
81.1,50.5501,1.011,50.6321,1.01264
81.2,50.6512,1.01302,50.7334,1.01467
81.3,50.7525,1.01505,50.835,1.0167
81.4,50.854,1.01708,50.9368,1.01874
81.5,50.9557,1.01911,51.0387,1.02077
81.6,51.0576,1.02115,51.1409,1.02282
81.7,51.1598,1.0232,51.2433,1.02487
81.8,51.2621,1.02524,51.3459,1.02692
81.9,51.3646,1.02729,51.4487,1.02897
82,51.4673,1.02935,51.5517,1.03103
82.1,51.5703,1.03141,51.6549,1.0331
82.2,51.6734,1.03347,51.7583,1.03517
82.3,51.7768,1.03554,51.8619,1.03724
82.4,51.8803,1.03761,51.9658,1.03932
82.5,51.9841,1.03968,52.0698,1.0414
82.6,52.088,1.04176,52.174,1.04348
82.7,52.1922,1.04384,52.2785,1.04557
82.8,52.2966,1.04593,52.3832,1.04766
82.9,52.4012,1.04802,52.488,1.04976
83,52.506,1.05012,52.5931,1.05186
83.1,52.611,1.05222,52.6984,1.05397
83.2,52.7162,1.05432,52.8039,1.05608
83.3,52.8217,1.05643,52.9096,1.05819
83.4,52.9273,1.05855,53.0155,1.06031
83.5,53.0332,1.06066,53.1217,1.06243
83.6,53.1392,1.06278,53.228,1.06456
83.7,53.2455,1.06491,53.3346,1.06669
83.8,53.352,1.06704,53.4414,1.06883
83.9,53.4587,1.06917,53.5484,1.07097
84,53.5656,1.07131,53.6556,1.07311
84.1,53.6727,1.07345,53.763,1.07526
84.2,53.7801,1.0756,53.8706,1.07741
84.3,53.8877,1.07775,53.9785,1.07957
84.4,53.9954,1.07991,54.0865,1.08173
84.5,54.1034,1.08207,54.1948,1.0839
84.6,54.2116,1.08423,54.3033,1.08607
84.7,54.32,1.0864,54.412,1.08824
84.8,54.4287,1.08857,54.521,1.09042
84.9,54.5375,1.09075,54.6301,1.0926
85,54.6466,1.09293,54.7395,1.09479
85.1,54.7559,1.09512,54.8491,1.09698
85.2,54.8654,1.09731,54.9589,1.09918
85.3,54.9752,1.0995,55.0689,1.10138
85.4,55.0851,1.1017,55.1791,1.10358
85.5,55.1953,1.10391,55.2896,1.10579
85.6,55.3057,1.10611,55.4003,1.10801
85.7,55.4163,1.10833,55.5112,1.11022
85.8,55.5271,1.11054,55.6223,1.11245
85.9,55.6382,1.11276,55.7337,1.11467
86,55.7494,1.11499,55.8453,1.11691
86.1,55.8609,1.11722,55.9571,1.11914
86.2,55.9727,1.11945,56.0691,1.12138
86.3,56.0846,1.12169,56.1814,1.12363
86.4,56.1968,1.12394,56.2938,1.12588
86.5,56.3092,1.12618,56.4065,1.12813
86.6,56.4218,1.12844,56.5195,1.13039
86.7,56.5346,1.13069,56.6326,1.13265
86.8,56.6477,1.13295,56.746,1.13492
86.9,56.761,1.13522,56.8596,1.13719
87,56.8745,1.13749,56.9734,1.13947
87.1,56.9883,1.13977,57.0875,1.14175
87.2,57.1022,1.14204,57.2018,1.14404
87.3,57.2164,1.14433,57.3163,1.14633
87.4,57.3309,1.14662,57.431,1.14862
87.5,57.4455,1.14891,57.546,1.15092
87.6,57.5604,1.15121,57.6612,1.15322
87.7,57.6756,1.15351,57.7767,1.15553
87.8,57.7909,1.15582,57.8923,1.15785
87.9,57.9065,1.15813,58.0082,1.16016
88,58.0223,1.16045,58.1244,1.16249
88.1,58.1383,1.16277,58.2407,1.16481
88.2,58.2546,1.16509,58.3573,1.16715
88.3,58.3711,1.16742,58.4742,1.16948
88.4,58.4879,1.16976,58.5912,1.17182
88.5,58.6048,1.1721,58.7085,1.17417
88.6,58.7221,1.17444,58.8261,1.17652
88.7,58.8395,1.17679,58.9438,1.17888
88.8,58.9572,1.17914,59.0618,1.18124
88.9,59.0751,1.1815,59.1801,1.1836
89,59.1932,1.18386,59.2986,1.18597
89.1,59.3116,1.18623,59.4173,1.18835
89.2,59.4303,1.18861,59.5362,1.19072
89.3,59.5491,1.19098,59.6554,1.19311
89.4,59.6682,1.19336,59.7749,1.1955
89.5,59.7876,1.19575,59.8945,1.19789
89.6,59.9071,1.19814,60.0144,1.20029
89.7,60.0269,1.20054,60.1346,1.20269
89.8,60.147,1.20294,60.255,1.2051
89.9,60.2673,1.20535,60.3756,1.20751
90,60.3878,1.20776,60.4965,1.20993
90.1,60.5086,1.21017,60.6176,1.21235
90.2,60.6296,1.21259,60.7389,1.21478
90.3,60.7509,1.21502,60.8605,1.21721
90.4,60.8724,1.21745,60.9824,1.21965
90.5,60.9941,1.21988,61.1045,1.22209
90.6,61.1161,1.22232,61.2268,1.22454
90.7,61.2383,1.22477,61.3494,1.22699
90.8,61.3608,1.22722,61.4722,1.22944
90.9,61.4835,1.22967,61.5953,1.23191
91,61.6065,1.23213,61.7186,1.23437
91.1,61.7297,1.23459,61.8421,1.23684
91.2,61.8532,1.23706,61.966,1.23932
91.3,61.9769,1.23954,62.09,1.2418
91.4,62.1008,1.24202,62.2143,1.24429
91.5,62.225,1.2445,62.3389,1.24678
91.6,62.3495,1.24699,62.4637,1.24927
91.7,62.4742,1.24948,62.5887,1.25177
91.8,62.5991,1.25198,62.714,1.25428
91.9,62.7243,1.25449,62.8396,1.25679
92,62.8498,1.257,62.9654,1.25931
92.1,62.9755,1.25951,63.0914,1.26183
92.2,63.1014,1.26203,63.2177,1.26435
92.3,63.2276,1.26455,63.3443,1.26689
92.4,63.3541,1.26708,63.4711,1.26942
92.5,63.4808,1.26962,63.5982,1.27196
92.6,63.6078,1.27216,63.7255,1.27451
92.7,63.735,1.2747,63.8531,1.27706
92.8,63.8625,1.27725,63.9809,1.27962
92.9,63.9902,1.2798,64.109,1.28218
93,64.1182,1.28236,64.2374,1.28475
93.1,64.2464,1.28493,64.366,1.28732
93.2,64.3749,1.2875,64.4948,1.2899
93.3,64.5036,1.29007,64.624,1.29248
93.4,64.6326,1.29265,64.7533,1.29507
93.5,64.7619,1.29524,64.883,1.29766
93.6,64.8914,1.29783,65.0129,1.30026
93.7,65.0212,1.30042,65.143,1.30286
93.8,65.1513,1.30303,65.2734,1.30547
93.9,65.2816,1.30563,65.4041,1.30808
94,65.4121,1.30824,65.535,1.3107
94.1,65.5429,1.31086,65.6662,1.31332
94.2,65.674,1.31348,65.7977,1.31595
94.3,65.8054,1.31611,65.9294,1.31859
94.4,65.937,1.31874,66.0614,1.32123
94.5,66.0689,1.32138,66.1937,1.32387
94.6,66.201,1.32402,66.3262,1.32652
94.7,66.3334,1.32667,66.459,1.32918
94.8,66.4661,1.32932,66.592,1.33184
94.9,66.599,1.33198,66.7254,1.33451
95,66.7322,1.33464,66.8589,1.33718
95.1,66.8657,1.33731,66.9928,1.33986
95.2,66.9994,1.33999,67.1269,1.34254
95.3,67.1334,1.34267,67.2613,1.34523
95.4,67.2677,1.34535,67.396,1.34792
95.5,67.4022,1.34804,67.5309,1.35062
95.6,67.537,1.35074,67.6661,1.35332
95.7,67.6721,1.35344,67.8016,1.35603
95.8,67.8074,1.35615,67.9373,1.35875
95.9,67.943,1.35886,68.0733,1.36147
96,68.0789,1.36158,68.2096,1.36419
96.1,68.2151,1.3643,68.3461,1.36692
96.2,68.3515,1.36703,68.483,1.36966
96.3,68.4882,1.36976,68.6201,1.3724
96.4,68.6252,1.3725,68.7574,1.37515
96.5,68.7624,1.37525,68.8951,1.3779
96.6,68.9,1.378,69.033,1.38066
96.7,69.0378,1.38076,69.1712,1.38342
96.8,69.1758,1.38352,69.3097,1.38619
96.9,69.3142,1.38628,69.4485,1.38897
97,69.4528,1.38906,69.5875,1.39175
97.1,69.5917,1.39183,69.7268,1.39454
97.2,69.7309,1.39462,69.8664,1.39733
97.3,69.8704,1.39741,70.0063,1.40013
97.4,70.0101,1.4002,70.1464,1.40293
97.5,70.1501,1.403,70.2869,1.40574
97.6,70.2904,1.40581,70.4276,1.40855
97.7,70.431,1.40862,70.5686,1.41137
97.8,70.5719,1.41144,70.7099,1.4142
97.9,70.713,1.41426,70.8514,1.41703
98,70.8544,1.41709,70.9933,1.41987
98.1,70.9962,1.41992,71.1354,1.42271
98.2,71.1381,1.42276,71.2778,1.42556
98.3,71.2804,1.42561,71.4205,1.42841
98.4,71.423,1.42846,71.5635,1.43127
98.5,71.5658,1.43132,71.7068,1.43414
98.6,71.709,1.43418,71.8503,1.43701
98.7,71.8524,1.43705,71.9942,1.43988
98.8,71.9961,1.43992,72.1383,1.44277
98.9,72.1401,1.4428,72.2827,1.44565
99,72.2844,1.44569,72.4274,1.44855
99.1,72.4289,1.44858,72.5724,1.45145
99.2,72.5738,1.45148,72.7177,1.45435
99.3,72.7189,1.45438,72.8633,1.45727
99.4,72.8644,1.45729,73.0092,1.46018
99.5,73.0101,1.4602,73.1553,1.46311
99.6,73.1561,1.46312,73.3018,1.46604
99.7,73.3024,1.46605,73.4485,1.46897
99.8,73.449,1.46898,73.5956,1.47191
99.9,73.5959,1.47192,73.7429,1.47486
100,73.7431,1.47486,73.8906,1.47781
