Time,N_numeric,R_numeric,N_analytical,R_analytical,Error_N,Error_R
0,10,0.2,10,0.2,0,0
0.5,10.1,0.202,10.1005,0.20201,0.000501671,1.00334e-05
1,10.201,0.20402,10.202,0.20404,0.0010134,2.0268e-05
1.5,10.303,0.20606,10.3045,0.206091,0.00153534,3.07068e-05
2,10.406,0.208121,10.4081,0.208162,0.00206764,4.13528e-05
2.5,10.5101,0.210202,10.5127,0.210254,0.00261046,5.22093e-05
3,10.6152,0.212304,10.6184,0.212367,0.00316396,6.32792e-05
3.5,10.7214,0.214427,10.7251,0.214502,0.00372829,7.45658e-05
4,10.8286,0.216571,10.8329,0.216657,0.00430362,8.60724e-05
4.5,10.9369,0.218737,10.9417,0.218835,0.00489011,9.78022e-05
5,11.0462,0.220924,11.0517,0.221034,0.00548793,0.000109759
5.5,11.1567,0.223134,11.1628,0.223256,0.00609724,0.000121945
6,11.2683,0.225365,11.275,0.225499,0.00671821,0.000134364
6.5,11.3809,0.227619,11.3883,0.227766,0.00735103,0.000147021
7,11.4947,0.229895,11.5027,0.230055,0.00799586,0.000159917
7.5,11.6097,0.232194,11.6183,0.232367,0.00865287,0.000173057
8,11.7258,0.234516,11.7351,0.234702,0.00932226,0.000186445
8.5,11.843,0.236861,11.853,0.237061,0.0100042,0.000200084
9,11.9615,0.239229,11.9722,0.239443,0.0106989,0.000213977
9.5,12.0811,0.241622,12.0925,0.24185,0.0114065,0.000228129
10,12.2019,0.244038,12.214,0.244281,0.0121272,0.000242544
10.5,12.3239,0.246478,12.3368,0.246736,0.0128612,0.000257224
11,12.4472,0.248943,12.4608,0.249215,0.0136087,0.000272174
11.5,12.5716,0.251433,12.586,0.25172,0.0143699,0.000287398
12,12.6973,0.253947,12.7125,0.25425,0.015145,0.0003029
12.5,12.8243,0.256486,12.8403,0.256805,0.0159342,0.000318684
13,12.9526,0.259051,12.9693,0.259386,0.0167377,0.000334754
13.5,13.0821,0.261642,13.0996,0.261993,0.0175557,0.000351115
14,13.2129,0.264258,13.2313,0.264626,0.0183885,0.000367769
14.5,13.345,0.266901,13.3643,0.267285,0.0192361,0.000384722
15,13.4785,0.26957,13.4986,0.269972,0.0200989,0.000401978
15.5,13.6133,0.272265,13.6343,0.272685,0.0209771,0.000419542
16,13.7494,0.274988,13.7713,0.275426,0.0218709,0.000437417
16.5,13.8869,0.277738,13.9097,0.278194,0.0227804,0.000455609
17,14.0258,0.280515,14.0495,0.28099,0.023706,0.000474121
17.5,14.166,0.283321,14.1907,0.283814,0.0246479,0.000492959
18,14.3077,0.286154,14.3333,0.286666,0.0256063,0.000512126
18.5,14.4508,0.289015,14.4773,0.289547,0.0265814,0.000531629
19,14.5953,0.291905,14.6228,0.292457,0.0275735,0.000551471
19.5,14.7412,0.294825,14.7698,0.295396,0.0285829,0.000571657
20,14.8886,0.297773,14.9182,0.298365,0.0296096,0.000592193
20.5,15.0375,0.30075,15.0682,0.301364,0.0306541,0.000613083
21,15.1879,0.303758,15.2196,0.304392,0.0317166,0.000634332
21.5,15.3398,0.306796,15.3726,0.307452,0.0327973,0.000655946
22,15.4932,0.309864,15.5271,0.310541,0.0338965,0.000677929
22.5,15.6481,0.312962,15.6831,0.313662,0.0350144,0.000700288
23,15.8046,0.316092,15.8407,0.316815,0.0361513,0.000723026
23.5,15.9626,0.319253,15.9999,0.319999,0.0373075,0.00074615
24,16.1223,0.322445,16.1607,0.323215,0.0384832,0.000769665
24.5,16.2835,0.32567,16.3232,0.326463,0.0396788,0.000793576
25,16.4463,0.328926,16.4872,0.329744,0.0408945,0.00081789
25.5,16.6108,0.332216,16.6529,0.333058,0.0421305,0.000842611
26,16.7769,0.335538,16.8203,0.336406,0.0433873,0.000867746
26.5,16.9447,0.338893,16.9893,0.339786,0.044665,0.0008933
27,17.1141,0.342282,17.1601,0.343201,0.0459639,0.000919279
27.5,17.2852,0.345705,17.3325,0.346651,0.0472844,0.000945689
28,17.4581,0.349162,17.5067,0.350135,0.0486268,0.000972536
28.5,17.6327,0.352654,17.6827,0.353653,0.0499913,0.000999827
29,17.809,0.35618,17.8604,0.357208,0.0513783,0.00102757
29.5,17.9871,0.359742,18.0399,0.360798,0.0527881,0.00105576
30,18.167,0.363339,18.2212,0.364424,0.054221,0.00108442
30.5,18.3486,0.366973,18.4043,0.368086,0.0556773,0.00111355
31,18.5321,0.370642,18.5893,0.371786,0.0571574,0.00114315
31.5,18.7174,0.374349,18.7761,0.375522,0.0586615,0.00117323
32,18.9046,0.378092,18.9648,0.379296,0.0601901,0.0012038
32.5,19.0937,0.381873,19.1554,0.383108,0.0617434,0.00123487
33,19.2846,0.385692,19.3479,0.386958,0.0633218,0.00126644
33.5,19.4774,0.389549,19.5424,0.390847,0.0649257,0.00129851
34,19.6722,0.393444,19.7388,0.394776,0.0665553,0.00133111
34.5,19.8689,0.397379,19.9372,0.398743,0.0682111,0.00136422
35,20.0676,0.401353,20.1375,0.402751,0.0698934,0.00139787
35.5,20.2683,0.405366,20.3399,0.406798,0.0716026,0.00143205
36,20.471,0.40942,20.5443,0.410887,0.073339,0.00146678
36.5,20.6757,0.413514,20.7508,0.415016,0.075103,0.00150206
37,20.8825,0.417649,20.9594,0.419187,0.0768951,0.0015379
37.5,21.0913,0.421826,21.17,0.4234,0.0787155,0.00157431
38,21.3022,0.426044,21.3828,0.427655,0.0805647,0.00161129
38.5,21.5152,0.430304,21.5977,0.431953,0.082443,0.00164886
39,21.7304,0.434607,21.8147,0.436294,0.084351,0.00168702
39.5,21.9477,0.438954,22.034,0.440679,0.0862888,0.00172578
40,22.1672,0.443343,22.2554,0.445108,0.0882571,0.00176514
40.5,22.3888,0.447776,22.4791,0.449582,0.0902562,0.00180512
41,22.6127,0.452254,22.705,0.4541,0.0922864,0.00184573
41.5,22.8388,0.456777,22.9332,0.458664,0.0943484,0.00188697
42,23.0672,0.461345,23.1637,0.463273,0.0964423,0.00192885
42.5,23.2979,0.465958,23.3965,0.467929,0.0985688,0.00197138
43,23.5309,0.470618,23.6316,0.472632,0.100728,0.00201456
43.5,23.7662,0.475324,23.8691,0.477382,0.102921,0.00205842
44,24.0038,0.480077,24.109,0.48218,0.105148,0.00210295
44.5,24.2439,0.484878,24.3513,0.487026,0.107409,0.00214817
45,24.4863,0.489727,24.596,0.491921,0.109704,0.00219409
45.5,24.7312,0.494624,24.8432,0.496865,0.112035,0.00224071
46,24.9785,0.49957,25.0929,0.501858,0.114402,0.00228804
46.5,25.2283,0.504566,25.3451,0.506902,0.116805,0.0023361
47,25.4806,0.509611,25.5998,0.511996,0.119244,0.00238489
47.5,25.7354,0.514708,25.8571,0.517142,0.121721,0.00243442
48,25.9927,0.519855,26.117,0.522339,0.124235,0.00248471
48.5,26.2527,0.525053,26.3794,0.527589,0.126788,0.00253576
49,26.5152,0.530304,26.6446,0.532891,0.129379,0.00258759
49.5,26.7803,0.535607,26.9123,0.538247,0.13201,0.0026402
50,27.0481,0.540963,27.1828,0.543656,0.13468,0.0026936
50.5,27.3186,0.546372,27.456,0.54912,0.13739,0.00274781
51,27.5918,0.551836,27.7319,0.554639,0.140142,0.00280284
51.5,27.8677,0.557354,28.0107,0.560213,0.142934,0.00285869
52,28.1464,0.562928,28.2922,0.565843,0.145769,0.00291538
52.5,28.4279,0.568557,28.5765,0.57153,0.148646,0.00297292
53,28.7121,0.574243,28.8637,0.577274,0.151566,0.00303132
53.5,28.9993,0.579985,29.1538,0.583076,0.15453,0.00309059
54,29.2893,0.585785,29.4468,0.588936,0.157538,0.00315075
54.5,29.5822,0.591643,29.7427,0.594855,0.16059,0.0032118
55,29.878,0.597559,30.0417,0.600833,0.163688,0.00327376
55.5,30.1768,0.603535,30.3436,0.606872,0.166832,0.00333664
56,30.4785,0.60957,30.6485,0.612971,0.170023,0.00340046
56.5,30.7833,0.615666,30.9566,0.619131,0.173261,0.00346521
57,31.0911,0.621823,31.2677,0.625354,0.176546,0.00353092
57.5,31.402,0.628041,31.5819,0.631639,0.17988,0.0035976
58,31.7161,0.634321,31.8993,0.637987,0.183263,0.00366527
58.5,32.0332,0.640665,32.2199,0.644399,0.186696,0.00373393
59,32.3536,0.647071,32.5437,0.650875,0.19018,0.00380359
59.5,32.6771,0.653542,32.8708,0.657416,0.193714,0.00387428
60,33.0039,0.660077,33.2012,0.664023,0.1973,0.00394601
60.5,33.3339,0.666678,33.5348,0.670697,0.200939,0.00401878
61,33.6672,0.673345,33.8719,0.677438,0.204631,0.00409261
61.5,34.0039,0.680078,34.2123,0.684246,0.208376,0.00416752
62,34.344,0.686879,34.5561,0.691123,0.212176,0.00424353
62.5,34.6874,0.693748,34.9034,0.698069,0.216032,0.00432063
63,35.0343,0.700685,35.2542,0.705084,0.219943,0.00439886
63.5,35.3846,0.707692,35.6085,0.712171,0.223911,0.00447822
64,35.7385,0.714769,35.9664,0.719328,0.227936,0.00455873
64.5,36.0958,0.721917,36.3279,0.726557,0.23202,0.0046404
65,36.4568,0.729136,36.693,0.733859,0.236163,0.00472326
65.5,36.8214,0.736427,37.0617,0.741235,0.240365,0.0048073
66,37.1896,0.743792,37.4342,0.748684,0.244628,0.00489256
66.5,37.5615,0.75123,37.8104,0.756209,0.248952,0.00497905
67,37.9371,0.758742,38.1904,0.763809,0.253339,0.00506678
67.5,38.3165,0.766329,38.5743,0.771485,0.257788,0.00515576
68,38.6996,0.773993,38.9619,0.779239,0.262301,0.00524602
68.5,39.0866,0.781733,39.3535,0.78707,0.266879,0.00533757
69,39.4775,0.78955,39.749,0.79498,0.271522,0.00543043
69.5,39.8723,0.797445,40.1485,0.80297,0.276231,0.00552462
70,40.271,0.80542,40.552,0.81104,0.281008,0.00562015
70.5,40.6737,0.813474,40.9596,0.819191,0.285852,0.00571704
71,41.0804,0.821609,41.3712,0.827424,0.290765,0.00581531
71.5,41.4912,0.829825,41.787,0.83574,0.295748,0.00591497
72,41.9062,0.838123,42.207,0.844139,0.300802,0.00601604
72.5,42.3252,0.846504,42.6311,0.852623,0.305928,0.00611855
73,42.7485,0.854969,43.0596,0.861192,0.311126,0.00622251
73.5,43.176,0.863519,43.4924,0.869847,0.316397,0.00632794
74,43.6077,0.872154,43.9295,0.878589,0.321743,0.00643486
74.5,44.0438,0.880876,44.371,0.887419,0.327164,0.00654328
75,44.4842,0.889685,44.8169,0.896338,0.332662,0.00665323
75.5,44.9291,0.898581,45.2673,0.905346,0.338237,0.00676473
76,45.3784,0.907567,45.7223,0.914445,0.34389,0.0068778
76.5,45.8321,0.916643,46.1818,0.923635,0.349623,0.00699245
77,46.2905,0.925809,46.6459,0.932918,0.355436,0.00710871
77.5,46.7534,0.935067,47.1147,0.942294,0.36133,0.0072266
78,47.2209,0.944418,47.5882,0.951764,0.367307,0.00734614
78.5,47.6931,0.953862,48.0665,0.96133,0.373367,0.00746735
79,48.17,0.963401,48.5496,0.970991,0.379512,0.00759025
79.5,48.6517,0.973035,49.0375,0.98075,0.385743,0.00771486
80,49.1383,0.982765,49.5303,0.990606,0.392061,0.00784121
80.5,49.6296,0.992593,50.0281,1.00056,0.398466,0.00796932
81,50.1259,1.00252,50.5309,1.01062,0.404961,0.00809921
81.5,50.6272,1.01254,51.0387,1.02077,0.411545,0.0082309
82,51.1335,1.02267,51.5517,1.03103,0.418221,0.00836442
82.5,51.6448,1.0329,52.0698,1.0414,0.424989,0.00849979
83,52.1613,1.04323,52.5931,1.05186,0.431852,0.00863703
83.5,52.6829,1.05366,53.1217,1.06243,0.438808,0.00877617
84,53.2097,1.06419,53.6556,1.07311,0.445862,0.00891723
84.5,53.7418,1.07484,54.1948,1.0839,0.453012,0.00906024
85,54.2792,1.08558,54.7395,1.09479,0.460261,0.00920522
85.5,54.822,1.09644,55.2896,1.10579,0.46761,0.00935219
86,55.3702,1.1074,55.8453,1.11691,0.475059,0.00950119
86.5,55.9239,1.11848,56.4065,1.12813,0.482612,0.00965223
87,56.4832,1.12966,56.9734,1.13947,0.490267,0.00980535
87.5,57.048,1.14096,57.546,1.15092,0.498028,0.00996057
88,57.6185,1.15237,58.1244,1.16249,0.505895,0.0101179
88.5,58.1947,1.16389,58.7085,1.17417,0.51387,0.0102774
89,58.7766,1.17553,59.2986,1.18597,0.521954,0.0104391
89.5,59.3644,1.18729,59.8945,1.19789,0.530149,0.010603
90,59.958,1.19916,60.4965,1.20993,0.538455,0.0107691
90.5,60.5576,1.21115,61.1045,1.22209,0.546874,0.0109375
91,61.1632,1.22326,61.7186,1.23437,0.555409,0.0111082
91.5,61.7748,1.2355,62.3389,1.24678,0.564059,0.0112812
92,62.3926,1.24785,62.9654,1.25931,0.572827,0.0114565
92.5,63.0165,1.26033,63.5982,1.27196,0.581714,0.0116343
93,63.6466,1.27293,64.2374,1.28475,0.590722,0.0118144
93.5,64.2831,1.28566,64.883,1.29766,0.599851,0.011997
94,64.9259,1.29852,65.535,1.3107,0.609105,0.0121821
94.5,65.5752,1.3115,66.1937,1.32387,0.618484,0.0123697
95,66.231,1.32462,66.8589,1.33718,0.627989,0.0125598
95.5,66.8933,1.33787,67.5309,1.35062,0.637623,0.0127525
96,67.5622,1.35124,68.2096,1.36419,0.647387,0.0129477
96.5,68.2378,1.36476,68.8951,1.3779,0.657283,0.0131457
97,68.9202,1.3784,69.5875,1.39175,0.667312,0.0133462
97.5,69.6094,1.39219,70.2869,1.40574,0.677476,0.0135495
98,70.3055,1.40611,70.9933,1.41987,0.687777,0.0137555
98.5,71.0085,1.42017,71.7068,1.43414,0.698216,0.0139643
99,71.7186,1.43437,72.4274,1.44855,0.708796,0.0141759
99.5,72.4358,1.44872,73.1553,1.46311,0.719517,0.0143903
100,73.1602,1.4632,73.8906,1.47781,0.730382,0.0146076
