frequency,power
0,1.0803e-08
9,1.25301e-08
18,1.86646e-08
27,3.32993e-08
36,7.08356e-08
45,2.02643e-07
54,1.39254e-06
63,6.01424e-06
72,3.98809e-07
81,1.35936e-07
90,6.84929e-08
99,4.10925e-08
108,2.71381e-08
117,1.90019e-08
126,1.38134e-08
135,1.02906e-08
144,7.78911e-09
153,5.95674e-09
162,4.58902e-09
171,3.56315e-09
180,7.6777e-06
189,2.27497e-09
198,1.95655e-09
207,1.85957e-09
216,2.02366e-09
225,2.53389e-09
234,3.55506e-09
243,5.40975e-09
252,8.77113e-09
261,1.5206e-08
270,2.90272e-08
279,6.57993e-08
288,2.19791e-07
297,3.76443e-06
306,9.88269e-07
315,1.62777e-07
324,6.40977e-08
333,3.34235e-08
342,1.98825e-08
351,1.27442e-08
360,8.69116e-09
369,6.58544e-09
378,6.3413e-09
387,9.14809e-09
396,2.00705e-08
405,6.61414e-08
414,5.34786e-07
423,2.6932e-06
432,2.05207e-07
441,7.93219e-08
450,4.48687e-08
459,3.00046e-08
468,2.1985e-08
477,1.70366e-08
486,1.36963e-08
495,1.12915e-08
504,9.4738e-09
513,8.04613e-09
522,6.8893e-09
531,5.92718e-09
540,2.14947e-06
549,4.39973e-09
558,3.77491e-09
567,3.21748e-09
576,2.71664e-09
585,2.2682e-09
594,1.87756e-09
603,1.56831e-09
612,1.40607e-09
621,1.57089e-09
630,2.62084e-09
639,6.77702e-09
648,2.87455e-08
657,6.31617e-07
666,2.08502e-07
675,4.21712e-08
684,1.99889e-08
693,1.23541e-08
702,8.59599e-09
711,6.33243e-09
720,4.76851e-09
729,3.57224e-09
738,2.5936e-09
747,1.8097e-09
756,1.49953e-09
765,3.85171e-09
774,4.77921e-08
783,3.60373e-07
792,3.68162e-08
801,1.76716e-08
810,1.18199e-08
819,9.0534e-09
828,7.43713e-09
837,6.36663e-09
846,5.59643e-09
855,5.00887e-09
864,4.54064e-09
873,4.15463e-09
882,3.82755e-09
891,3.54391e-09
900,1.73221e-07
909,3.06665e-09
918,2.859e-09
927,2.66496e-09
936,2.48008e-09
945,2.30011e-09
954,2.12043e-09
963,1.93554e-09
972,1.7382e-09
981,1.51834e-09
990,1.26315e-09
999,9.75029e-10
1008,9.59759e-10
1017,2.39865e-08
1026,1.72529e-08
1035,5.84172e-09
1044,3.91874e-09
1053,3.1315e-09
1062,2.68183e-09
1071,2.37172e-09
1080,2.12785e-09
1089,1.91415e-09
1098,1.7062e-09
1107,1.47883e-09
1116,1.19184e-09
1125,7.59999e-10
1134,3.81022e-10
1143,1.94653e-08
1152,4.32828e-09
1161,3.01822e-09
1170,2.52821e-09
1179,2.25915e-09
1188,2.08138e-09
1197,1.95053e-09
1206,1.84731e-09
1215,1.76193e-09
1224,1.68888e-09
1233,1.62477e-09
1242,1.56741e-09
1251,1.51528e-09
1260,5.81674e-09
1269,1.42264e-09
1278,1.38064e-09
1287,1.34076e-09
1296,1.30248e-09
1305,1.26531e-09
1314,1.22866e-09
1323,1.19179e-09
1332,1.15356e-09
1341,1.11204e-09
1350,1.06322e-09
1359,9.96967e-10
1368,8.77219e-10
1377,5.00307e-10
1386,1.74181e-09
1395,1.28945e-09
1404,1.17451e-09
1413,1.11295e-09
1422,1.06963e-09
1431,1.03461e-09
1440,1.00383e-09
1449,9.75044e-10
1458,9.4652e-10
1467,9.16071e-10
1476,8.79368e-10
1485,8.23012e-10
1494,6.61836e-10
1503,1.5289e-09
1512,1.02144e-09
1521,9.44592e-10
1530,9.06091e-10
1539,8.79411e-10
1548,8.58079e-10
1557,8.39723e-10
1566,8.2326e-10
1575,8.08121e-10
1584,7.93971e-10
1593,7.80603e-10
1602,7.67874e-10
1611,7.55685e-10
1620,8.27664e-10
1629,7.32649e-10
1638,7.21698e-10
1647,7.1107e-10
1656,7.00731e-10
1665,6.90646e-10
1674,6.80779e-10
1683,6.71086e-10
1692,6.61507e-10
1701,6.51938e-10
1710,6.42174e-10
1719,6.31677e-10
1728,6.18347e-10
1737,5.76047e-10
1746,6.38763e-10
1755,6.1621e-10
1764,6.04984e-10
1773,5.95906e-10
1782,5.87678e-10
1791,5.7991e-10
1800,5.72439e-10
1809,5.65169e-10
1818,5.58027e-10
1827,5.50918e-10
1836,5.43659e-10
1845,5.35675e-10
1854,5.23038e-10
1863,5.49334e-10
1872,5.27023e-10
1881,5.18849e-10
1890,5.12178e-10
1899,5.06043e-10
1908,5.00201e-10
1917,4.9456e-10
1926,4.89076e-10
1935,4.83725e-10
1944,4.78492e-10
1953,4.73368e-10
1962,4.68344e-10
1971,4.63416e-10
1980,4.61153e-10
1989,4.53828e-10
1998,4.49161e-10
2007,4.44574e-10
2016,4.40065e-10
2025,4.35631e-10
2034,4.31269e-10
2043,4.26976e-10
2052,4.22751e-10
2061,4.18587e-10
2070,4.1448e-10
2079,4.10414e-10
2088,4.06334e-10
2097,4.01558e-10
2106,3.99499e-10
2115,3.95371e-10
2124,3.91566e-10
2133,3.87866e-10
2142,3.84237e-10
2151,3.80669e-10
2160,3.77158e-10
2169,3.737e-10
2178,3.70291e-10
2187,3.6693e-10
2196,3.63611e-10
2205,3.60321e-10
2214,3.5697e-10
2223,3.5452e-10
2232,3.51045e-10
2241,3.4792e-10
2250,3.44868e-10
2259,3.41867e-10
2268,3.38912e-10
2277,3.35999e-10
2286,3.33127e-10
2295,3.30294e-10
2304,3.275e-10
2313,3.24744e-10
2322,3.22024e-10
2331,3.19341e-10
2340,3.16747e-10
2349,3.14079e-10
2358,3.115e-10
2367,3.08954e-10
2376,3.06441e-10
2385,3.0396e-10
2394,3.0151e-10
2403,2.99092e-10
2412,2.96704e-10
2421,2.94346e-10
2430,2.92017e-10
2439,2.89717e-10
2448,2.87444e-10
2457,2.85189e-10
2466,2.82997e-10
2475,2.80803e-10
2484,2.7864e-10
2493,2.76503e-10
2502,2.74392e-10
2511,2.72307e-10
2520,2.70246e-10
2529,2.6821e-10
2538,2.66197e-10
2547,2.64209e-10
2556,2.62243e-10
2565,2.603e-10
2574,2.58379e-10
2583,2.5649e-10
2592,2.54609e-10
2601,2.52754e-10
2610,2.5092e-10
2619,2.49108e-10
2628,2.47315e-10
2637,2.45543e-10
2646,2.43791e-10
2655,2.42058e-10
2664,2.40345e-10
2673,2.3865e-10
2682,2.36974e-10
2691,2.35317e-10
2700,2.33678e-10
2709,2.32055e-10
2718,2.30451e-10
2727,2.28864e-10
2736,2.27295e-10
2745,2.25742e-10
2754,2.24205e-10
2763,2.22685e-10
2772,2.21181e-10
2781,2.19693e-10
2790,2.1822e-10
2799,2.16763e-10
2808,2.15321e-10
2817,2.13894e-10
2826,2.12482e-10
2835,2.11084e-10
2844,2.097e-10
2853,2.08331e-10
2862,2.06976e-10
2871,2.05634e-10
2880,2.04306e-10
2889,2.02991e-10
2898,2.01689e-10
2907,2.00401e-10
2916,1.99125e-10
2925,1.97862e-10
2934,1.96611e-10
2943,1.95373e-10
2952,1.94147e-10
2961,1.92933e-10
2970,1.91731e-10
2979,1.9054e-10
2988,1.89361e-10
2997,1.88193e-10
3006,1.87037e-10
3015,1.85891e-10
3024,1.84757e-10
3033,1.83633e-10
3042,1.8252e-10
3051,1.81417e-10
3060,1.80325e-10
3069,1.79243e-10
3078,1.78171e-10
3087,1.77109e-10
3096,1.76057e-10
3105,1.75015e-10
3114,1.73983e-10
3123,1.72959e-10
3132,1.71946e-10
3141,1.70941e-10
3150,1.69946e-10
3159,1.6896e-10
3168,1.67982e-10
3177,1.67014e-10
3186,1.66054e-10
3195,1.65103e-10
3204,1.6416e-10
3213,1.63225e-10
3222,1.62299e-10
3231,1.61381e-10
3240,1.60472e-10
3249,1.5957e-10
3258,1.58676e-10
3267,1.5779e-10
3276,1.56912e-10
3285,1.56041e-10
3294,1.55178e-10
3303,1.54322e-10
3312,1.53474e-10
3321,1.52633e-10
3330,1.51799e-10
3339,1.50972e-10
3348,1.50152e-10
3357,1.49339e-10
3366,1.48533e-10
3375,1.47734e-10
3384,1.46942e-10
3393,1.46156e-10
3402,1.45377e-10
3411,1.44604e-10
3420,1.43838e-10
3429,1.43078e-10
3438,1.42324e-10
3447,1.41577e-10
3456,1.40835e-10
3465,1.401e-10
3474,1.39371e-10
3483,1.38647e-10
3492,1.3793e-10
3501,1.37218e-10
3510,1.36512e-10
3519,1.35812e-10
3528,1.35117e-10
3537,1.34428e-10
3546,1.33744e-10
3555,1.33066e-10
3564,1.32393e-10
3573,1.31726e-10
3582,1.31064e-10
3591,1.30407e-10
3600,1.29755e-10
3609,1.29108e-10
3618,1.28467e-10
3627,1.2783e-10
3636,1.27198e-10
3645,1.26571e-10
3654,1.25949e-10
3663,1.25332e-10
3672,1.2472e-10
3681,1.24112e-10
3690,1.23509e-10
3699,1.2291e-10
3708,1.22316e-10
3717,1.21726e-10
3726,1.21141e-10
3735,1.20561e-10
3744,1.19985e-10
3753,1.19413e-10
3762,1.18845e-10
3771,1.18281e-10
3780,1.17722e-10
3789,1.17167e-10
3798,1.16616e-10
3807,1.16069e-10
3816,1.15526e-10
3825,1.14987e-10
3834,1.14452e-10
3843,1.13921e-10
3852,1.13394e-10
3861,1.12871e-10
3870,1.12351e-10
3879,1.11835e-10
3888,1.11323e-10
3897,1.10815e-10
3906,1.1031e-10
3915,1.09809e-10
3924,1.09311e-10
3933,1.08817e-10
3942,1.08327e-10
3951,1.0784e-10
3960,1.07356e-10
3969,1.06876e-10
3978,1.064e-10
3987,1.05926e-10
3996,1.05456e-10
4005,1.04989e-10
4014,1.04526e-10
4023,1.04065e-10
4032,1.03608e-10
4041,1.03154e-10
4050,1.02703e-10
4059,1.02256e-10
4068,1.01811e-10
4077,1.01369e-10
4086,1.00931e-10
4095,1.00495e-10
4104,1.00063e-10
4113,9.96329e-11
4122,9.92061e-11
4131,9.87823e-11
4140,9.83612e-11
4149,9.79431e-11
4158,9.75277e-11
4167,9.71151e-11
4176,9.67053e-11
4185,9.62982e-11
4194,9.58938e-11
4203,9.54921e-11
4212,9.5093e-11
4221,9.46966e-11
4230,9.43028e-11
4239,9.39116e-11
4248,9.3523e-11
4257,9.31369e-11
4266,9.27533e-11
4275,9.23723e-11
4284,9.19937e-11
4293,9.16176e-11
4302,9.12439e-11
4311,9.08726e-11
4320,9.05037e-11
4329,9.01372e-11
4338,8.97731e-11
4347,8.94112e-11
4356,8.90517e-11
4365,8.86945e-11
4374,8.83396e-11
4383,8.79869e-11
4392,8.76365e-11
4401,8.72882e-11
4410,8.69422e-11
4419,8.65983e-11
4428,8.62566e-11
4437,8.59171e-11
4446,8.55797e-11
4455,8.52443e-11
4464,8.49111e-11
4473,8.458e-11
4482,8.42509e-11
4491,8.39238e-11
4500,8.35987e-11
4509,8.32757e-11
4518,8.29547e-11
4527,8.26356e-11
4536,8.23184e-11
4545,8.20033e-11
4554,8.169e-11
4563,8.13786e-11
4572,8.10692e-11
4581,8.07616e-11
4590,8.04558e-11
4599,8.0152e-11
4608,7.98499e-11
4617,7.95497e-11
4626,7.92512e-11
4635,7.89546e-11
4644,7.86597e-11
4653,7.83666e-11
4662,7.80753e-11
4671,7.77856e-11
4680,7.74977e-11
4689,7.72115e-11
4698,7.6927e-11
4707,7.66441e-11
4716,7.63629e-11
4725,7.60834e-11
4734,7.58055e-11
4743,7.55292e-11
4752,7.52546e-11
4761,7.49815e-11
4770,7.47101e-11
4779,7.44402e-11
4788,7.41718e-11
4797,7.39051e-11
4806,7.36398e-11
4815,7.33761e-11
4824,7.31139e-11
4833,7.28532e-11
4842,7.2594e-11
4851,7.23363e-11
4860,7.208e-11
4869,7.18252e-11
4878,7.15719e-11
4887,7.132e-11
4896,7.10695e-11
4905,7.08204e-11
4914,7.05728e-11
4923,7.03265e-11
4932,7.00816e-11
4941,6.98381e-11
4950,6.95959e-11
4959,6.93551e-11
4968,6.91157e-11
4977,6.88775e-11
4986,6.86407e-11
4995,6.84052e-11
5004,6.8171e-11
5013,6.79381e-11
5022,6.77065e-11
5031,6.74762e-11
5040,6.72471e-11
5049,6.70193e-11
5058,6.67927e-11
5067,6.65674e-11
5076,6.63433e-11
5085,6.61204e-11
5094,6.58987e-11
5103,6.56782e-11
5112,6.54589e-11
5121,6.52408e-11
5130,6.50239e-11
5139,6.48082e-11
5148,6.45936e-11
5157,6.43801e-11
5166,6.41678e-11
5175,6.39567e-11
5184,6.37466e-11
5193,6.35377e-11
5202,6.33299e-11
5211,6.31232e-11
5220,6.29176e-11
5229,6.2713e-11
5238,6.25096e-11
5247,6.23072e-11
5256,6.21059e-11
5265,6.19057e-11
5274,6.17064e-11
5283,6.15083e-11
5292,6.13112e-11
5301,6.11151e-11
5310,6.092e-11
5319,6.07259e-11
5328,6.05329e-11
5337,6.03408e-11
5346,6.01497e-11
5355,5.99597e-11
5364,5.97706e-11
5373,5.95824e-11
5382,5.93953e-11
5391,5.92091e-11
5400,5.90238e-11
5409,5.88395e-11
5418,5.86561e-11
5427,5.84737e-11
5436,5.82922e-11
5445,5.81116e-11
5454,5.7932e-11
5463,5.77532e-11
5472,5.75753e-11
5481,5.73984e-11
5490,5.72223e-11
5499,5.70471e-11
5508,5.68728e-11
5517,5.66994e-11
5526,5.65268e-11
5535,5.63551e-11
5544,5.61843e-11
5553,5.60143e-11
5562,5.58451e-11
5571,5.56768e-11
5580,5.55093e-11
5589,5.53426e-11
5598,5.51768e-11
5607,5.50118e-11
5616,5.48476e-11
5625,5.46842e-11
5634,5.45216e-11
5643,5.43598e-11
5652,5.41987e-11
5661,5.40385e-11
5670,5.38791e-11
5679,5.37204e-11
5688,5.35625e-11
5697,5.34053e-11
5706,5.3249e-11
5715,5.30933e-11
5724,5.29385e-11
5733,5.27843e-11
5742,5.2631e-11
5751,5.24783e-11
5760,5.23264e-11
5769,5.21752e-11
5778,5.20247e-11
5787,5.1875e-11
5796,5.17259e-11
5805,5.15776e-11
5814,5.143e-11
5823,5.12831e-11
5832,5.11368e-11
5841,5.09913e-11
5850,5.08464e-11
5859,5.07023e-11
5868,5.05588e-11
5877,5.0416e-11
5886,5.02738e-11
5895,5.01323e-11
5904,4.99915e-11
5913,4.98513e-11
5922,4.97118e-11
5931,4.9573e-11
5940,4.94348e-11
5949,4.92972e-11
5958,4.91602e-11
5967,4.90239e-11
5976,4.88883e-11
5985,4.87532e-11
5994,4.86188e-11
6003,4.8485e-11
6012,4.83518e-11
6021,4.82192e-11
6030,4.80872e-11
6039,4.79559e-11
6048,4.78251e-11
6057,4.76949e-11
6066,4.75653e-11
6075,4.74363e-11
6084,4.73079e-11
6093,4.71801e-11
6102,4.70528e-11
6111,4.69262e-11
6120,4.68e-11
6129,4.66745e-11
6138,4.65495e-11
6147,4.64251e-11
6156,4.63013e-11
6165,4.6178e-11
6174,4.60552e-11
6183,4.5933e-11
6192,4.58114e-11
6201,4.56903e-11
6210,4.55697e-11
6219,4.54496e-11
6228,4.53301e-11
6237,4.52112e-11
6246,4.50927e-11
6255,4.49748e-11
6264,4.48574e-11
6273,4.47405e-11
6282,4.46241e-11
6291,4.45082e-11
6300,4.43929e-11
6309,4.4278e-11
6318,4.41637e-11
6327,4.40498e-11
6336,4.39364e-11
6345,4.38236e-11
6354,4.37112e-11
6363,4.35993e-11
6372,4.34879e-11
6381,4.3377e-11
6390,4.32665e-11
6399,4.31566e-11
6408,4.30471e-11
6417,4.29381e-11
6426,4.28295e-11
6435,4.27214e-11
6444,4.26138e-11
6453,4.25067e-11
6462,4.24e-11
6471,4.22937e-11
6480,4.21879e-11
6489,4.20826e-11
6498,4.19777e-11
6507,4.18732e-11
6516,4.17692e-11
6525,4.16656e-11
6534,4.15625e-11
6543,4.14598e-11
6552,4.13576e-11
6561,4.12557e-11
6570,4.11543e-11
6579,4.10533e-11
6588,4.09528e-11
6597,4.08527e-11
6606,4.0753e-11
6615,4.06537e-11
6624,4.05548e-11
6633,4.04563e-11
6642,4.03582e-11
6651,4.02606e-11
6660,4.01633e-11
6669,4.00665e-11
6678,3.99701e-11
6687,3.9874e-11
6696,3.97784e-11
6705,3.96831e-11
6714,3.95882e-11
6723,3.94938e-11
6732,3.93997e-11
6741,3.9306e-11
6750,3.92127e-11
6759,3.91197e-11
6768,3.90272e-11
6777,3.8935e-11
6786,3.88432e-11
6795,3.87518e-11
6804,3.86607e-11
6813,3.85701e-11
6822,3.84797e-11
6831,3.83898e-11
6840,3.83002e-11
6849,3.8211e-11
6858,3.81221e-11
6867,3.80336e-11
6876,3.79454e-11
6885,3.78576e-11
6894,3.77702e-11
6903,3.76831e-11
6912,3.75964e-11
6921,3.751e-11
6930,3.74239e-11
6939,3.73382e-11
6948,3.72528e-11
6957,3.71678e-11
6966,3.70831e-11
6975,3.69988e-11
6984,3.69147e-11
6993,3.6831e-11
7002,3.67477e-11
7011,3.66647e-11
7020,3.6582e-11
7029,3.64996e-11
7038,3.64175e-11
7047,3.63358e-11
7056,3.62544e-11
7065,3.61733e-11
7074,3.60925e-11
7083,3.60121e-11
7092,3.59319e-11
7101,3.58521e-11
7110,3.57726e-11
7119,3.56934e-11
7128,3.56145e-11
7137,3.55359e-11
7146,3.54576e-11
7155,3.53796e-11
7164,3.53019e-11
7173,3.52246e-11
7182,3.51475e-11
7191,3.50707e-11
7200,3.49942e-11
7209,3.4918e-11
7218,3.48421e-11
7227,3.47665e-11
7236,3.46911e-11
7245,3.46161e-11
7254,3.45414e-11
7263,3.44669e-11
7272,3.43927e-11
7281,3.43188e-11
7290,3.42452e-11
7299,3.41719e-11
7308,3.40988e-11
7317,3.4026e-11
7326,3.39535e-11
7335,3.38813e-11
7344,3.38093e-11
7353,3.37376e-11
7362,3.36662e-11
7371,3.35951e-11
7380,3.35242e-11
7389,3.34536e-11
7398,3.33832e-11
7407,3.33132e-11
7416,3.32433e-11
7425,3.31738e-11
7434,3.31045e-11
7443,3.30354e-11
7452,3.29667e-11
7461,3.28981e-11
7470,3.28299e-11
7479,3.27618e-11
7488,3.26941e-11
7497,3.26265e-11
7506,3.25593e-11
7515,3.24923e-11
7524,3.24255e-11
7533,3.2359e-11
7542,3.22927e-11
7551,3.22267e-11
7560,3.21609e-11
7569,3.20953e-11
7578,3.203e-11
7587,3.19649e-11
7596,3.19001e-11
7605,3.18355e-11
7614,3.17712e-11
7623,3.1707e-11
7632,3.16431e-11
7641,3.15795e-11
7650,3.15161e-11
7659,3.14529e-11
7668,3.13899e-11
7677,3.13272e-11
7686,3.12647e-11
7695,3.12024e-11
7704,3.11403e-11
7713,3.10785e-11
7722,3.10169e-11
7731,3.09555e-11
7740,3.08943e-11
7749,3.08334e-11
7758,3.07726e-11
7767,3.07121e-11
7776,3.06518e-11
7785,3.05917e-11
7794,3.05319e-11
7803,3.04722e-11
7812,3.04128e-11
7821,3.03536e-11
7830,3.02945e-11
7839,3.02357e-11
7848,3.01771e-11
7857,3.01188e-11
7866,3.00606e-11
7875,3.00026e-11
7884,2.99448e-11
7893,2.98873e-11
7902,2.98299e-11
7911,2.97727e-11
7920,2.97158e-11
7929,2.9659e-11
7938,2.96025e-11
7947,2.95461e-11
7956,2.949e-11
7965,2.9434e-11
7974,2.93782e-11
7983,2.93227e-11
7992,2.92673e-11
8001,2.92121e-11
8010,2.91571e-11
8019,2.91023e-11
8028,2.90477e-11
8037,2.89933e-11
8046,2.8939e-11
8055,2.8885e-11
8064,2.88311e-11
8073,2.87775e-11
8082,2.8724e-11
8091,2.86707e-11
8100,2.86176e-11
8109,2.85646e-11
8118,2.85119e-11
8127,2.84593e-11
8136,2.84069e-11
8145,2.83547e-11
8154,2.83027e-11
8163,2.82509e-11
8172,2.81992e-11
8181,2.81477e-11
8190,2.80964e-11
8199,2.80452e-11
8208,2.79943e-11
8217,2.79435e-11
8226,2.78929e-11
8235,2.78424e-11
8244,2.77921e-11
8253,2.7742e-11
8262,2.76921e-11
8271,2.76423e-11
8280,2.75927e-11
8289,2.75433e-11
8298,2.7494e-11
8307,2.74449e-11
8316,2.7396e-11
8325,2.73472e-11
8334,2.72986e-11
8343,2.72502e-11
8352,2.72019e-11
8361,2.71538e-11
8370,2.71059e-11
8379,2.70581e-11
8388,2.70104e-11
8397,2.6963e-11
8406,2.69157e-11
8415,2.68685e-11
8424,2.68215e-11
8433,2.67747e-11
8442,2.6728e-11
8451,2.66815e-11
8460,2.66351e-11
8469,2.65889e-11
8478,2.65428e-11
8487,2.64969e-11
8496,2.64511e-11
8505,2.64055e-11
8514,2.63601e-11
8523,2.63148e-11
8532,2.62696e-11
8541,2.62246e-11
8550,2.61797e-11
8559,2.6135e-11
8568,2.60904e-11
8577,2.6046e-11
8586,2.60017e-11
8595,2.59576e-11
8604,2.59136e-11
8613,2.58698e-11
8622,2.58261e-11
8631,2.57825e-11
8640,2.57391e-11
8649,2.56959e-11
8658,2.56527e-11
8667,2.56097e-11
8676,2.55669e-11
8685,2.55242e-11
8694,2.54816e-11
8703,2.54392e-11
8712,2.53969e-11
8721,2.53547e-11
8730,2.53127e-11
8739,2.52708e-11
8748,2.52291e-11
8757,2.51875e-11
8766,2.5146e-11
8775,2.51046e-11
8784,2.50634e-11
8793,2.50223e-11
8802,2.49814e-11
8811,2.49406e-11
8820,2.48999e-11
8829,2.48593e-11
8838,2.48189e-11
8847,2.47786e-11
8856,2.47384e-11
8865,2.46984e-11
8874,2.46585e-11
8883,2.46187e-11
8892,2.4579e-11
8901,2.45395e-11
8910,2.45001e-11
8919,2.44608e-11
8928,2.44217e-11
8937,2.43827e-11
8946,2.43437e-11
8955,2.4305e-11
8964,2.42663e-11
8973,2.42278e-11
8982,2.41894e-11
8991,2.41511e-11
9000,2.41129e-11
9009,2.40748e-11
9018,2.40369e-11
9027,2.39991e-11
9036,2.39614e-11
9045,2.39238e-11
9054,2.38864e-11
9063,2.3849e-11
9072,2.38118e-11
9081,2.37747e-11
9090,2.37377e-11
9099,2.37008e-11
9108,2.36641e-11
9117,2.36274e-11
9126,2.35909e-11
9135,2.35545e-11
9144,2.35182e-11
9153,2.3482e-11
9162,2.34459e-11
9171,2.341e-11
9180,2.33741e-11
9189,2.33384e-11
9198,2.33027e-11
9207,2.32672e-11
9216,2.32318e-11
9225,2.31965e-11
9234,2.31613e-11
9243,2.31263e-11
9252,2.30913e-11
9261,2.30564e-11
9270,2.30217e-11
9279,2.2987e-11
9288,2.29525e-11
9297,2.2918e-11
9306,2.28837e-11
9315,2.28495e-11
9324,2.28154e-11
9333,2.27814e-11
9342,2.27474e-11
9351,2.27136e-11
9360,2.26799e-11
9369,2.26463e-11
9378,2.26128e-11
9387,2.25794e-11
9396,2.25462e-11
9405,2.2513e-11
9414,2.24799e-11
9423,2.24469e-11
9432,2.2414e-11
9441,2.23812e-11
9450,2.23485e-11
9459,2.23159e-11
9468,2.22834e-11
9477,2.22511e-11
9486,2.22188e-11
9495,2.21866e-11
9504,2.21545e-11
9513,2.21225e-11
9522,2.20906e-11
9531,2.20588e-11
9540,2.20271e-11
9549,2.19954e-11
9558,2.19639e-11
9567,2.19325e-11
9576,2.19012e-11
9585,2.18699e-11
9594,2.18388e-11
9603,2.18077e-11
9612,2.17768e-11
9621,2.17459e-11
9630,2.17152e-11
9639,2.16845e-11
9648,2.16539e-11
9657,2.16234e-11
9666,2.1593e-11
9675,2.15627e-11
9684,2.15325e-11
9693,2.15023e-11
9702,2.14723e-11
9711,2.14423e-11
9720,2.14125e-11
9729,2.13827e-11
9738,2.1353e-11
9747,2.13234e-11
9756,2.12939e-11
9765,2.12645e-11
9774,2.12352e-11
9783,2.12059e-11
9792,2.11768e-11
9801,2.11477e-11
9810,2.11187e-11
9819,2.10898e-11
9828,2.1061e-11
9837,2.10323e-11
9846,2.10036e-11
9855,2.09751e-11
9864,2.09466e-11
9873,2.09182e-11
9882,2.08899e-11
9891,2.08617e-11
9900,2.08335e-11
9909,2.08055e-11
9918,2.07775e-11
9927,2.07496e-11
9936,2.07218e-11
9945,2.0694e-11
9954,2.06664e-11
9963,2.06388e-11
9972,2.06113e-11
9981,2.05839e-11
9990,2.05566e-11
9999,2.05294e-11
10008,2.05022e-11
10017,2.04751e-11
10026,2.04481e-11
10035,2.04212e-11
10044,2.03943e-11
10053,2.03675e-11
10062,2.03408e-11
10071,2.03142e-11
10080,2.02877e-11
10089,2.02612e-11
10098,2.02348e-11
10107,2.02085e-11
10116,2.01823e-11
10125,2.01561e-11
10134,2.01301e-11
10143,2.01041e-11
10152,2.00781e-11
10161,2.00523e-11
10170,2.00265e-11
10179,2.00008e-11
10188,1.99752e-11
10197,1.99496e-11
10206,1.99241e-11
10215,1.98987e-11
10224,1.98734e-11
10233,1.98481e-11
10242,1.98229e-11
10251,1.97978e-11
10260,1.97728e-11
10269,1.97478e-11
10278,1.97229e-11
10287,1.9698e-11
10296,1.96733e-11
10305,1.96486e-11
10314,1.9624e-11
10323,1.95994e-11
10332,1.9575e-11
10341,1.95506e-11
10350,1.95262e-11
10359,1.95019e-11
10368,1.94778e-11
10377,1.94536e-11
10386,1.94296e-11
10395,1.94056e-11
10404,1.93817e-11
10413,1.93578e-11
10422,1.9334e-11
10431,1.93103e-11
10440,1.92866e-11
10449,1.92631e-11
10458,1.92395e-11
10467,1.92161e-11
10476,1.91927e-11
10485,1.91694e-11
10494,1.91462e-11
10503,1.9123e-11
10512,1.90999e-11
10521,1.90768e-11
10530,1.90538e-11
10539,1.90309e-11
10548,1.9008e-11
10557,1.89852e-11
10566,1.89625e-11
10575,1.89399e-11
10584,1.89173e-11
10593,1.88947e-11
10602,1.88722e-11
10611,1.88498e-11
10620,1.88275e-11
10629,1.88052e-11
10638,1.8783e-11
10647,1.87608e-11
10656,1.87387e-11
10665,1.87167e-11
10674,1.86948e-11
10683,1.86728e-11
10692,1.8651e-11
10701,1.86292e-11
10710,1.86075e-11
10719,1.85858e-11
10728,1.85642e-11
10737,1.85427e-11
10746,1.85212e-11
10755,1.84998e-11
10764,1.84784e-11
10773,1.84571e-11
10782,1.84359e-11
10791,1.84147e-11
10800,1.83936e-11
10809,1.83725e-11
10818,1.83515e-11
10827,1.83306e-11
10836,1.83097e-11
10845,1.82889e-11
10854,1.82681e-11
10863,1.82474e-11
10872,1.82267e-11
10881,1.82061e-11
10890,1.81856e-11
10899,1.81651e-11
10908,1.81447e-11
10917,1.81243e-11
10926,1.8104e-11
10935,1.80838e-11
10944,1.80636e-11
10953,1.80434e-11
10962,1.80233e-11
10971,1.80033e-11
10980,1.79833e-11
10989,1.79634e-11
10998,1.79436e-11
11007,1.79238e-11
11016,1.7904e-11
11025,1.78843e-11
11034,1.78647e-11
11043,1.78451e-11
11052,1.78255e-11
11061,1.78061e-11
11070,1.77866e-11
11079,1.77673e-11
11088,1.7748e-11
11097,1.77287e-11
11106,1.77095e-11
11115,1.76903e-11
11124,1.76712e-11
11133,1.76522e-11
11142,1.76332e-11
11151,1.76142e-11
11160,1.75953e-11
11169,1.75765e-11
11178,1.75577e-11
11187,1.7539e-11
11196,1.75203e-11
11205,1.75016e-11
11214,1.7483e-11
11223,1.74645e-11
11232,1.7446e-11
11241,1.74276e-11
11250,1.74092e-11
11259,1.73909e-11
11268,1.73726e-11
11277,1.73544e-11
11286,1.73362e-11
11295,1.73181e-11
11304,1.73e-11
11313,1.7282e-11
11322,1.7264e-11
11331,1.72461e-11
11340,1.72282e-11
11349,1.72104e-11
11358,1.71926e-11
11367,1.71748e-11
11376,1.71572e-11
11385,1.71395e-11
11394,1.71219e-11
11403,1.71044e-11
11412,1.70869e-11
11421,1.70695e-11
11430,1.70521e-11
11439,1.70347e-11
11448,1.70174e-11
11457,1.70002e-11
11466,1.6983e-11
11475,1.69658e-11
11484,1.69487e-11
11493,1.69316e-11
11502,1.69146e-11
11511,1.68976e-11
11520,1.68807e-11
11529,1.68638e-11
11538,1.6847e-11
11547,1.68302e-11
11556,1.68135e-11
11565,1.67968e-11
11574,1.67801e-11
11583,1.67635e-11
11592,1.6747e-11
11601,1.67305e-11
11610,1.6714e-11
11619,1.66976e-11
11628,1.66812e-11
11637,1.66649e-11
11646,1.66486e-11
11655,1.66323e-11
11664,1.66161e-11
11673,1.66e-11
11682,1.65839e-11
11691,1.65678e-11
11700,1.65518e-11
11709,1.65358e-11
11718,1.65199e-11
11727,1.6504e-11
11736,1.64881e-11
11745,1.64723e-11
11754,1.64566e-11
11763,1.64409e-11
11772,1.64252e-11
11781,1.64095e-11
11790,1.6394e-11
11799,1.63784e-11
11808,1.63629e-11
11817,1.63474e-11
11826,1.6332e-11
11835,1.63166e-11
11844,1.63013e-11
11853,1.6286e-11
11862,1.62708e-11
11871,1.62555e-11
11880,1.62404e-11
11889,1.62252e-11
11898,1.62102e-11
11907,1.61951e-11
11916,1.61801e-11
11925,1.61651e-11
11934,1.61502e-11
11943,1.61353e-11
11952,1.61205e-11
11961,1.61057e-11
11970,1.60909e-11
11979,1.60762e-11
11988,1.60615e-11
11997,1.60469e-11
12006,1.60323e-11
12015,1.60177e-11
12024,1.60032e-11
12033,1.59887e-11
12042,1.59743e-11
12051,1.59599e-11
12060,1.59455e-11
12069,1.59312e-11
12078,1.59169e-11
12087,1.59026e-11
12096,1.58884e-11
12105,1.58743e-11
12114,1.58601e-11
12123,1.5846e-11
12132,1.5832e-11
12141,1.5818e-11
12150,1.5804e-11
12159,1.579e-11
12168,1.57761e-11
12177,1.57623e-11
12186,1.57484e-11
12195,1.57347e-11
12204,1.57209e-11
12213,1.57072e-11
12222,1.56935e-11
12231,1.56799e-11
12240,1.56663e-11
12249,1.56527e-11
12258,1.56392e-11
12267,1.56257e-11
12276,1.56122e-11
12285,1.55988e-11
12294,1.55854e-11
12303,1.55721e-11
12312,1.55588e-11
12321,1.55455e-11
12330,1.55323e-11
12339,1.55191e-11
12348,1.55059e-11
12357,1.54928e-11
12366,1.54797e-11
12375,1.54666e-11
12384,1.54536e-11
12393,1.54406e-11
12402,1.54277e-11
12411,1.54148e-11
12420,1.54019e-11
12429,1.53891e-11
12438,1.53763e-11
12447,1.53635e-11
12456,1.53507e-11
12465,1.5338e-11
12474,1.53254e-11
12483,1.53127e-11
12492,1.53001e-11
12501,1.52876e-11
12510,1.5275e-11
12519,1.52625e-11
12528,1.52501e-11
12537,1.52377e-11
12546,1.52253e-11
12555,1.52129e-11
12564,1.52006e-11
12573,1.51883e-11
12582,1.5176e-11
12591,1.51638e-11
12600,1.51516e-11
12609,1.51395e-11
12618,1.51273e-11
12627,1.51152e-11
12636,1.51032e-11
12645,1.50912e-11
12654,1.50792e-11
12663,1.50672e-11
12672,1.50553e-11
12681,1.50434e-11
12690,1.50315e-11
12699,1.50197e-11
12708,1.50079e-11
12717,1.49961e-11
12726,1.49844e-11
12735,1.49727e-11
12744,1.49611e-11
12753,1.49494e-11
12762,1.49378e-11
12771,1.49263e-11
12780,1.49147e-11
12789,1.49032e-11
12798,1.48917e-11
12807,1.48803e-11
12816,1.48689e-11
12825,1.48575e-11
12834,1.48462e-11
12843,1.48348e-11
12852,1.48236e-11
12861,1.48123e-11
12870,1.48011e-11
12879,1.47899e-11
12888,1.47787e-11
12897,1.47676e-11
12906,1.47565e-11
12915,1.47454e-11
12924,1.47344e-11
12933,1.47234e-11
12942,1.47124e-11
12951,1.47015e-11
12960,1.46906e-11
12969,1.46797e-11
12978,1.46688e-11
12987,1.4658e-11
12996,1.46472e-11
13005,1.46364e-11
13014,1.46257e-11
13023,1.4615e-11
13032,1.46043e-11
13041,1.45937e-11
13050,1.45831e-11
13059,1.45725e-11
13068,1.45619e-11
13077,1.45514e-11
13086,1.45409e-11
13095,1.45304e-11
13104,1.452e-11
13113,1.45096e-11
13122,1.44992e-11
13131,1.44889e-11
13140,1.44785e-11
13149,1.44682e-11
13158,1.4458e-11
13167,1.44477e-11
13176,1.44375e-11
13185,1.44274e-11
13194,1.44172e-11
13203,1.44071e-11
13212,1.4397e-11
13221,1.43869e-11
13230,1.43769e-11
13239,1.43669e-11
13248,1.43569e-11
13257,1.4347e-11
13266,1.4337e-11
13275,1.43271e-11
13284,1.43173e-11
13293,1.43074e-11
13302,1.42976e-11
13311,1.42878e-11
13320,1.42781e-11
13329,1.42684e-11
13338,1.42587e-11
13347,1.4249e-11
13356,1.42394e-11
13365,1.42297e-11
13374,1.42201e-11
13383,1.42106e-11
13392,1.4201e-11
13401,1.41915e-11
13410,1.41821e-11
13419,1.41726e-11
13428,1.41632e-11
13437,1.41538e-11
13446,1.41444e-11
13455,1.41351e-11
13464,1.41257e-11
13473,1.41164e-11
13482,1.41072e-11
13491,1.40979e-11
13500,1.40887e-11
13509,1.40795e-11
13518,1.40704e-11
13527,1.40612e-11
13536,1.40521e-11
13545,1.40431e-11
13554,1.4034e-11
13563,1.4025e-11
13572,1.4016e-11
13581,1.4007e-11
13590,1.3998e-11
13599,1.39891e-11
13608,1.39802e-11
13617,1.39713e-11
13626,1.39625e-11
13635,1.39537e-11
13644,1.39449e-11
13653,1.39361e-11
13662,1.39274e-11
13671,1.39186e-11
13680,1.39099e-11
13689,1.39013e-11
13698,1.38926e-11
13707,1.3884e-11
13716,1.38754e-11
13725,1.38668e-11
13734,1.38583e-11
13743,1.38498e-11
13752,1.38413e-11
13761,1.38328e-11
13770,1.38244e-11
13779,1.3816e-11
13788,1.38076e-11
13797,1.37992e-11
13806,1.37909e-11
13815,1.37825e-11
13824,1.37742e-11
13833,1.3766e-11
13842,1.37577e-11
13851,1.37495e-11
13860,1.37413e-11
13869,1.37331e-11
13878,1.3725e-11
13887,1.37169e-11
13896,1.37088e-11
13905,1.37007e-11
13914,1.36926e-11
13923,1.36846e-11
13932,1.36766e-11
13941,1.36686e-11
13950,1.36607e-11
13959,1.36527e-11
13968,1.36448e-11
13977,1.36369e-11
13986,1.36291e-11
13995,1.36212e-11
14004,1.36134e-11
14013,1.36056e-11
14022,1.35979e-11
14031,1.35901e-11
14040,1.35824e-11
14049,1.35747e-11
14058,1.3567e-11
14067,1.35594e-11
14076,1.35518e-11
14085,1.35442e-11
14094,1.35366e-11
14103,1.3529e-11
14112,1.35215e-11
14121,1.3514e-11
14130,1.35065e-11
14139,1.3499e-11
14148,1.34916e-11
14157,1.34842e-11
14166,1.34768e-11
14175,1.34694e-11
14184,1.3462e-11
14193,1.34547e-11
14202,1.34474e-11
14211,1.34401e-11
14220,1.34329e-11
14229,1.34256e-11
14238,1.34184e-11
14247,1.34112e-11
14256,1.3404e-11
14265,1.33969e-11
14274,1.33898e-11
14283,1.33827e-11
14292,1.33756e-11
14301,1.33685e-11
14310,1.33615e-11
14319,1.33545e-11
14328,1.33475e-11
14337,1.33405e-11
14346,1.33336e-11
14355,1.33266e-11
14364,1.33197e-11
14373,1.33128e-11
14382,1.3306e-11
14391,1.32991e-11
14400,1.32923e-11
14409,1.32855e-11
14418,1.32788e-11
14427,1.3272e-11
14436,1.32653e-11
14445,1.32586e-11
14454,1.32519e-11
14463,1.32452e-11
14472,1.32386e-11
14481,1.32319e-11
14490,1.32253e-11
14499,1.32187e-11
14508,1.32122e-11
14517,1.32057e-11
14526,1.31991e-11
14535,1.31926e-11
14544,1.31862e-11
14553,1.31797e-11
14562,1.31733e-11
14571,1.31669e-11
14580,1.31605e-11
14589,1.31541e-11
14598,1.31477e-11
14607,1.31414e-11
14616,1.31351e-11
14625,1.31288e-11
14634,1.31226e-11
14643,1.31163e-11
14652,1.31101e-11
14661,1.31039e-11
14670,1.30977e-11
14679,1.30915e-11
14688,1.30854e-11
14697,1.30793e-11
14706,1.30732e-11
14715,1.30671e-11
14724,1.3061e-11
14733,1.3055e-11
14742,1.3049e-11
14751,1.3043e-11
14760,1.3037e-11
14769,1.3031e-11
14778,1.30251e-11
14787,1.30192e-11
14796,1.30133e-11
14805,1.30074e-11
14814,1.30015e-11
14823,1.29957e-11
14832,1.29899e-11
14841,1.29841e-11
14850,1.29783e-11
14859,1.29725e-11
14868,1.29668e-11
14877,1.29611e-11
14886,1.29554e-11
14895,1.29497e-11
14904,1.2944e-11
14913,1.29384e-11
14922,1.29328e-11
14931,1.29272e-11
14940,1.29216e-11
14949,1.2916e-11
14958,1.29105e-11
14967,1.2905e-11
14976,1.28995e-11
14985,1.2894e-11
14994,1.28885e-11
15003,1.28831e-11
15012,1.28777e-11
15021,1.28722e-11
15030,1.28669e-11
15039,1.28615e-11
15048,1.28561e-11
15057,1.28508e-11
15066,1.28455e-11
15075,1.28402e-11
15084,1.28349e-11
15093,1.28297e-11
15102,1.28245e-11
15111,1.28193e-11
15120,1.28141e-11
15129,1.28089e-11
15138,1.28037e-11
15147,1.27986e-11
15156,1.27935e-11
15165,1.27884e-11
15174,1.27833e-11
15183,1.27782e-11
15192,1.27732e-11
15201,1.27682e-11
15210,1.27632e-11
15219,1.27582e-11
15228,1.27532e-11
15237,1.27482e-11
15246,1.27433e-11
15255,1.27384e-11
15264,1.27335e-11
15273,1.27286e-11
15282,1.27238e-11
15291,1.27189e-11
15300,1.27141e-11
15309,1.27093e-11
15318,1.27045e-11
15327,1.26998e-11
15336,1.2695e-11
15345,1.26903e-11
15354,1.26856e-11
15363,1.26809e-11
15372,1.26762e-11
15381,1.26716e-11
15390,1.26669e-11
15399,1.26623e-11
15408,1.26577e-11
15417,1.26531e-11
15426,1.26486e-11
15435,1.2644e-11
15444,1.26395e-11
15453,1.2635e-11
15462,1.26305e-11
15471,1.2626e-11
15480,1.26216e-11
15489,1.26171e-11
15498,1.26127e-11
15507,1.26083e-11
15516,1.26039e-11
15525,1.25996e-11
15534,1.25952e-11
15543,1.25909e-11
15552,1.25866e-11
15561,1.25823e-11
15570,1.2578e-11
15579,1.25737e-11
15588,1.25695e-11
15597,1.25653e-11
15606,1.25611e-11
15615,1.25569e-11
15624,1.25527e-11
15633,1.25486e-11
15642,1.25444e-11
15651,1.25403e-11
15660,1.25362e-11
15669,1.25321e-11
15678,1.25281e-11
15687,1.2524e-11
15696,1.252e-11
15705,1.2516e-11
15714,1.2512e-11
15723,1.2508e-11
15732,1.2504e-11
15741,1.25001e-11
15750,1.24962e-11
15759,1.24923e-11
15768,1.24884e-11
15777,1.24845e-11
15786,1.24806e-11
15795,1.24768e-11
15804,1.2473e-11
15813,1.24692e-11
15822,1.24654e-11
15831,1.24616e-11
15840,1.24579e-11
15849,1.24541e-11
15858,1.24504e-11
15867,1.24467e-11
15876,1.2443e-11
15885,1.24394e-11
15894,1.24357e-11
15903,1.24321e-11
15912,1.24285e-11
15921,1.24249e-11
15930,1.24213e-11
15939,1.24177e-11
15948,1.24142e-11
15957,1.24106e-11
15966,1.24071e-11
15975,1.24036e-11
15984,1.24001e-11
15993,1.23967e-11
16002,1.23932e-11
16011,1.23898e-11
16020,1.23864e-11
16029,1.2383e-11
16038,1.23796e-11
16047,1.23762e-11
16056,1.23729e-11
16065,1.23695e-11
16074,1.23662e-11
16083,1.23629e-11
16092,1.23596e-11
16101,1.23564e-11
16110,1.23531e-11
16119,1.23499e-11
16128,1.23467e-11
16137,1.23435e-11
16146,1.23403e-11
16155,1.23371e-11
16164,1.2334e-11
16173,1.23309e-11
16182,1.23277e-11
16191,1.23246e-11
16200,1.23216e-11
16209,1.23185e-11
16218,1.23154e-11
16227,1.23124e-11
16236,1.23094e-11
16245,1.23064e-11
16254,1.23034e-11
16263,1.23004e-11
16272,1.22975e-11
16281,1.22945e-11
16290,1.22916e-11
16299,1.22887e-11
16308,1.22858e-11
16317,1.2283e-11
16326,1.22801e-11
16335,1.22773e-11
16344,1.22744e-11
16353,1.22716e-11
16362,1.22689e-11
16371,1.22661e-11
16380,1.22633e-11
16389,1.22606e-11
16398,1.22578e-11
16407,1.22551e-11
16416,1.22524e-11
16425,1.22498e-11
16434,1.22471e-11
16443,1.22445e-11
16452,1.22418e-11
16461,1.22392e-11
16470,1.22366e-11
16479,1.2234e-11
16488,1.22315e-11
16497,1.22289e-11
16506,1.22264e-11
16515,1.22239e-11
16524,1.22214e-11
16533,1.22189e-11
16542,1.22164e-11
16551,1.2214e-11
16560,1.22115e-11
16569,1.22091e-11
16578,1.22067e-11
16587,1.22043e-11
16596,1.22019e-11
16605,1.21996e-11
16614,1.21972e-11
16623,1.21949e-11
16632,1.21926e-11
16641,1.21903e-11
16650,1.2188e-11
16659,1.21857e-11
16668,1.21835e-11
16677,1.21812e-11
16686,1.2179e-11
16695,1.21768e-11
16704,1.21746e-11
16713,1.21725e-11
16722,1.21703e-11
16731,1.21682e-11
16740,1.21661e-11
16749,1.21639e-11
16758,1.21618e-11
16767,1.21598e-11
16776,1.21577e-11
16785,1.21557e-11
16794,1.21536e-11
16803,1.21516e-11
16812,1.21496e-11
16821,1.21476e-11
16830,1.21457e-11
16839,1.21437e-11
16848,1.21418e-11
16857,1.21399e-11
16866,1.21379e-11
16875,1.21361e-11
16884,1.21342e-11
16893,1.21323e-11
16902,1.21305e-11
16911,1.21286e-11
16920,1.21268e-11
16929,1.2125e-11
16938,1.21232e-11
16947,1.21215e-11
16956,1.21197e-11
16965,1.2118e-11
16974,1.21163e-11
16983,1.21146e-11
16992,1.21129e-11
17001,1.21112e-11
17010,1.21095e-11
17019,1.21079e-11
17028,1.21063e-11
17037,1.21046e-11
17046,1.21031e-11
17055,1.21015e-11
17064,1.20999e-11
17073,1.20983e-11
17082,1.20968e-11
17091,1.20953e-11
17100,1.20938e-11
17109,1.20923e-11
17118,1.20908e-11
17127,1.20893e-11
17136,1.20879e-11
17145,1.20865e-11
17154,1.20851e-11
17163,1.20837e-11
17172,1.20823e-11
17181,1.20809e-11
17190,1.20795e-11
17199,1.20782e-11
17208,1.20769e-11
17217,1.20756e-11
17226,1.20743e-11
17235,1.2073e-11
17244,1.20717e-11
17253,1.20705e-11
17262,1.20692e-11
17271,1.2068e-11
17280,1.20668e-11
17289,1.20656e-11
17298,1.20645e-11
17307,1.20633e-11
17316,1.20622e-11
17325,1.2061e-11
17334,1.20599e-11
17343,1.20588e-11
17352,1.20577e-11
17361,1.20567e-11
17370,1.20556e-11
17379,1.20546e-11
17388,1.20536e-11
17397,1.20525e-11
17406,1.20516e-11
17415,1.20506e-11
17424,1.20496e-11
17433,1.20487e-11
17442,1.20477e-11
17451,1.20468e-11
17460,1.20459e-11
17469,1.2045e-11
17478,1.20442e-11
17487,1.20433e-11
17496,1.20425e-11
17505,1.20416e-11
17514,1.20408e-11
17523,1.204e-11
17532,1.20392e-11
17541,1.20385e-11
17550,1.20377e-11
17559,1.2037e-11
17568,1.20363e-11
17577,1.20355e-11
17586,1.20348e-11
17595,1.20342e-11
17604,1.20335e-11
17613,1.20329e-11
17622,1.20322e-11
17631,1.20316e-11
17640,1.2031e-11
17649,1.20304e-11
17658,1.20298e-11
17667,1.20293e-11
17676,1.20287e-11
17685,1.20282e-11
17694,1.20277e-11
17703,1.20272e-11
17712,1.20267e-11
17721,1.20262e-11
17730,1.20258e-11
17739,1.20254e-11
17748,1.20249e-11
17757,1.20245e-11
17766,1.20241e-11
17775,1.20237e-11
17784,1.20234e-11
17793,1.2023e-11
17802,1.20227e-11
17811,1.20224e-11
17820,1.20221e-11
17829,1.20218e-11
17838,1.20215e-11
17847,1.20212e-11
17856,1.2021e-11
17865,1.20208e-11
17874,1.20206e-11
17883,1.20204e-11
17892,1.20202e-11
17901,1.202e-11
17910,1.20198e-11
17919,1.20197e-11
17928,1.20196e-11
17937,1.20195e-11
17946,1.20194e-11
17955,1.20193e-11
17964,1.20192e-11
17973,1.20192e-11
17982,1.20191e-11
17991,1.20191e-11
18000,1.20191e-11
