time,signal
0,0.25
2.77778e-05,0.25
5.55556e-05,0.248462
8.33333e-05,0.245414
0.000111111,0.240913
0.000138889,0.235039
0.000166667,0.227898
0.000194444,0.219614
0.000222222,0.21033
0.00025,0.200199
0.000277778,0.189383
0.000305556,0.17805
0.000333333,0.166365
0.000361111,0.154491
0.000388889,0.142582
0.000416667,0.130781
0.000444444,0.119219
0.000472222,0.108011
0.0005,0.0972539
0.000527778,0.0870298
0.000555556,0.0774014
0.000583333,0.0684147
0.000611111,0.0600995
0.000638889,0.0524701
0.000666667,0.0455274
0.000694444,0.0392604
0.000722222,0.0336477
0.00075,0.02866
0.000777778,0.0242615
0.000805556,0.0204117
0.000833333,0.0170672
0.000861111,0.0141828
0.000888889,0.0117134
0.000916667,0.0096145
0.000944444,0.00784311
0.000972222,0.00635873
0.001,0.00512357
0.00102778,0.00410294
0.00105556,0.0032654
0.00108333,0.00258285
0.00111111,0.0020304
0.00113889,0.0015863
0.00116667,0.00123171
0.00119444,0.000950495
0.00122222,0.000728975
0.00125,0.000555643
0.00127778,0.000420919
0.00130556,0.0003169
0.00133333,0.000237119
0.00136111,0.000176331
0.00138889,0.000130321
0.00141667,9.57231e-05
0.00144444,6.9878e-05
0.00147222,5.06973e-05
0.0015,3.65552e-05
0.00152778,2.61959e-05
0.00155556,1.86568e-05
0.00158333,1.32057e-05
0.00161111,9.28983e-06
0.00163889,6.4949e-06
0.00166667,4.51292e-06
0.00169444,3.11647e-06
0.00172222,2.13889e-06
0.00175,1.45893e-06
0.00177778,9.8901e-07
0.00180556,6.66326e-07
0.00183333,4.46163e-07
0.00186111,2.96907e-07
0.00188889,1.96366e-07
0.00191667,1.29072e-07
0.00194444,8.43181e-08
0.00197222,5.4743e-08
0.002,3.53229e-08
0.00202778,2.26519e-08
0.00205556,1.44368e-08
0.00208333,9.14452e-09
0.00211111,5.75665e-09
0.00213889,3.60162e-09
0.00216667,2.23948e-09
0.00219444,1.38394e-09
0.00222222,8.49977e-10
0.00225,5.1882e-10
0.00227778,3.14737e-10
0.00230556,1.89757e-10
0.00233333,1.13703e-10
0.00236111,6.77109e-11
0.00238889,4.00752e-11
0.00241667,2.35721e-11
0.00244444,1.37806e-11
0.00247222,8.00596e-12
0.0025,4.62333e-12
0.00252778,2.65266e-12
0.00255556,1.51346e-12
0.00258333,8.5737e-13
0.00261111,4.83502e-13
0.00263889,2.70228e-13
0.00266667,1.50852e-13
0.00269444,8.29892e-14
0.00272222,4.60743e-14
0.00275,2.4758e-14
0.00277778,1.38778e-14
0.00280556,7.04992e-15
0.00283333,4.21885e-15
0.00286111,1.85962e-15
0.00288889,1.33227e-15
0.00291667,3.33067e-16
0.00294444,5.55112e-16
0.00297222,-1.11022e-16
0.003,3.33067e-16
0.00302778,-2.498e-16
0.00305556,2.22045e-16
0.00308333,-2.498e-16
0.00311111,2.22045e-16
0.00313889,-2.77556e-16
0.00316667,1.38778e-16
0.00319444,-2.77556e-16
0.00322222,1.38778e-16
0.00325,-3.33067e-16
0.00327778,1.38778e-16
0.00330556,-3.33067e-16
0.00333333,1.66533e-16
0.00336111,-2.77556e-16
0.00338889,1.94289e-16
0.00341667,-2.77556e-16
0.00344444,1.94289e-16
0.00347222,-3.05311e-16
0.0035,1.66533e-16
0.00352778,-3.05311e-16
0.00355556,1.94289e-16
0.00358333,-3.33067e-16
0.00361111,1.94289e-16
0.00363889,-3.60822e-16
0.00366667,1.66533e-16
0.00369444,-3.46945e-16
0.00372222,1.94289e-16
0.00375,-3.60822e-16
0.00377778,1.94289e-16
0.00380556,-3.60822e-16
0.00383333,1.94289e-16
0.00386111,-3.60822e-16
0.00388889,1.94289e-16
0.00391667,-3.33067e-16
0.00394444,1.94289e-16
0.00397222,-3.33067e-16
0.004,1.94289e-16
0.00402778,-3.33067e-16
0.00405556,1.94289e-16
0.00408333,-3.46945e-16
0.00411111,1.94289e-16
0.00413889,-3.46945e-16
0.00416667,1.94289e-16
0.00419444,-3.60822e-16
0.00422222,1.94289e-16
0.00425,-3.60822e-16
0.00427778,1.94289e-16
0.00430556,-3.60822e-16
0.00433333,1.94289e-16
0.00436111,-3.60822e-16
0.00438889,1.94289e-16
0.00441667,-3.60822e-16
0.00444444,1.94289e-16
0.00447222,-3.60822e-16
0.0045,1.94289e-16
0.00452778,-3.60822e-16
0.00455556,1.94289e-16
0.00458333,-3.60822e-16
0.00461111,1.94289e-16
0.00463889,-3.60822e-16
0.00466667,1.94289e-16
0.00469444,-3.60822e-16
0.00472222,1.94289e-16
0.00475,-3.60822e-16
0.00477778,1.94289e-16
0.00480556,-3.60822e-16
0.00483333,1.94289e-16
0.00486111,-3.60822e-16
0.00488889,1.94289e-16
0.00491667,-3.60822e-16
0.00494444,1.94289e-16
0.00497222,-3.60822e-16
0.005,1.94289e-16
0.00502778,-3.60822e-16
0.00505556,1.94289e-16
0.00508333,-3.60822e-16
0.00511111,1.94289e-16
0.00513889,-3.60822e-16
0.00516667,1.94289e-16
0.00519444,-3.60822e-16
0.00522222,1.94289e-16
0.00525,-3.60822e-16
0.00527778,1.94289e-16
0.00530556,-3.88578e-16
0.00533333,1.66533e-16
0.00536111,-4.44089e-16
0.00538889,5.55112e-17
0.00541667,-6.66134e-16
0.00544444,-3.88578e-16
0.00547222,-1.47105e-15
0.0055,-1.88738e-15
0.00552778,-4.32987e-15
0.00555556,-7.10543e-15
0.00558333,-1.39055e-14
0.00561111,-2.4758e-14
0.00563889,-4.61575e-14
0.00566667,-8.30724e-14
0.00569444,-1.50907e-13
0.00572222,-2.70395e-13
0.00575,-4.83585e-13
0.00577778,-8.5762e-13
0.00580556,-1.51348e-12
0.00583333,-2.65291e-12
0.00586111,-4.62339e-12
0.00588889,-8.00621e-12
0.00591667,-1.37806e-11
0.00594444,-2.35724e-11
0.00597222,-4.00752e-11
0.006,-6.77112e-11
0.00602778,-1.13703e-10
0.00605556,-1.89757e-10
0.00608333,-3.14737e-10
0.00611111,-5.1882e-10
0.00613889,-8.49977e-10
0.00616667,-1.38394e-09
0.00619444,-2.23948e-09
0.00622222,-3.60162e-09
0.00625,-5.75665e-09
0.00627778,-9.14452e-09
0.00630556,-1.44368e-08
0.00633333,-2.26519e-08
0.00636111,-3.53229e-08
0.00638889,-5.4743e-08
0.00641667,-8.43181e-08
0.00644444,-1.29072e-07
0.00647222,-1.96366e-07
0.0065,-2.96907e-07
0.00652778,-4.46163e-07
0.00655556,-6.66326e-07
0.00658333,-9.8901e-07
0.00661111,-1.45893e-06
0.00663889,-2.13889e-06
0.00666667,-3.11647e-06
0.00669444,-4.51292e-06
0.00672222,-6.4949e-06
0.00675,-9.28983e-06
0.00677778,-1.32057e-05
0.00680556,-1.86568e-05
0.00683333,-2.61959e-05
0.00686111,-3.65552e-05
0.00688889,-5.06973e-05
0.00691667,-6.9878e-05
0.00694444,-9.57231e-05
0.00697222,-0.000130321
0.007,-0.000176331
0.00702778,-0.000237119
0.00705556,-0.0003169
0.00708333,-0.000420919
0.00711111,-0.000555643
0.00713889,-0.000728975
0.00716667,-0.000950495
0.00719444,-0.00123171
0.00722222,-0.0015863
0.00725,-0.0020304
0.00727778,-0.00258285
0.00730556,-0.0032654
0.00733333,-0.00410294
0.00736111,-0.00512357
0.00738889,-0.00635873
0.00741667,-0.00784311
0.00744444,-0.0096145
0.00747222,-0.0117134
0.0075,-0.0141828
0.00752778,-0.0170672
0.00755556,-0.0204117
0.00758333,-0.0242615
0.00761111,-0.02866
0.00763889,-0.0336477
0.00766667,-0.0392604
0.00769444,-0.0455274
0.00772222,-0.0524701
0.00775,-0.0600995
0.00777778,-0.0684147
0.00780556,-0.0774014
0.00783333,-0.0870298
0.00786111,-0.0972539
0.00788889,-0.108011
0.00791667,-0.119219
0.00794444,-0.130781
0.00797222,-0.142582
0.008,-0.154491
0.00802778,-0.166365
0.00805556,-0.17805
0.00808333,-0.189383
0.00811111,-0.200199
0.00813889,-0.21033
0.00816667,-0.219614
0.00819444,-0.227898
0.00822222,-0.235039
0.00825,-0.240913
0.00827778,-0.245414
0.00830556,-0.248462
0.00833333,-0.25
0.00836111,-0.25
0.00838889,-0.248462
0.00841667,-0.245414
0.00844444,-0.240913
0.00847222,-0.235039
0.0085,-0.227898
0.00852778,-0.219614
0.00855556,-0.21033
0.00858333,-0.200199
0.00861111,-0.189383
0.00863889,-0.17805
0.00866667,-0.166365
0.00869444,-0.154491
0.00872222,-0.142582
0.00875,-0.130781
0.00877778,-0.119219
0.00880556,-0.108011
0.00883333,-0.0972539
0.00886111,-0.0870298
0.00888889,-0.0774014
0.00891667,-0.0684147
0.00894444,-0.0600995
0.00897222,-0.0524701
0.009,-0.0455274
0.00902778,-0.0392604
0.00905556,-0.0336477
0.00908333,-0.02866
0.00911111,-0.0242615
0.00913889,-0.0204117
0.00916667,-0.0170672
0.00919444,-0.0141828
0.00922222,-0.0117134
0.00925,-0.0096145
0.00927778,-0.00784311
0.00930556,-0.00635873
0.00933333,-0.00512357
0.00936111,-0.00410294
0.00938889,-0.0032654
0.00941667,-0.00258285
0.00944444,-0.0020304
0.00947222,-0.0015863
0.0095,-0.00123171
0.00952778,-0.000950495
0.00955556,-0.000728975
0.00958333,-0.000555643
0.00961111,-0.000420919
0.00963889,-0.0003169
0.00966667,-0.000237119
0.00969444,-0.000176331
0.00972222,-0.000130321
0.00975,-9.57231e-05
0.00977778,-6.9878e-05
0.00980556,-5.06973e-05
0.00983333,-3.65552e-05
0.00986111,-2.61959e-05
0.00988889,-1.86568e-05
0.00991667,-1.32057e-05
0.00994444,-9.28983e-06
0.00997222,-6.4949e-06
0.01,-4.51292e-06
0.0100278,-3.11647e-06
0.0100556,-2.13889e-06
0.0100833,-1.45893e-06
0.0101111,-9.8901e-07
0.0101389,-6.66326e-07
0.0101667,-4.46163e-07
0.0101944,-2.96907e-07
0.0102222,-1.96366e-07
0.01025,-1.29072e-07
0.0102778,-8.43181e-08
0.0103056,-5.4743e-08
0.0103333,-3.53229e-08
0.0103611,-2.26519e-08
0.0103889,-1.44368e-08
0.0104167,-9.14452e-09
0.0104444,-5.75664e-09
0.0104722,-3.60162e-09
0.0105,-2.23948e-09
0.0105278,-1.38394e-09
0.0105556,-8.49976e-10
0.0105833,-5.1882e-10
0.0106111,-3.14736e-10
0.0106389,-1.89757e-10
0.0106667,-1.13701e-10
0.0106944,-6.77106e-11
0.0107222,-4.00739e-11
0.01075,-2.35719e-11
0.0107778,-1.37793e-11
0.0108056,-8.00568e-12
0.0108333,-4.62205e-12
0.0108611,-2.65241e-12
0.0108889,-1.51215e-12
0.0109167,-8.57092e-13
0.0109444,-4.82198e-13
0.0109722,-2.69951e-13
0.011,-1.49575e-13
0.0110278,-8.27394e-14
0.0110556,-4.47975e-14
0.0110833,-2.45082e-14
0.0111111,-1.2601e-14
0.0111389,-6.80012e-15
0.0111667,-2.94209e-15
0.0111944,-1.58207e-15
0.0112222,-2.77556e-17
0.01125,-8.32667e-17
0.0112778,7.77156e-16
0.0113056,3.88578e-16
0.0113333,9.71445e-16
0.0113611,4.996e-16
0.0113889,1.08247e-15
0.0114167,4.996e-16
0.0114444,1.05471e-15
0.0114722,5.27356e-16
0.0115,1.13798e-15
0.0115278,5.55112e-16
0.0115556,1.13798e-15
0.0115833,5.82867e-16
0.0116111,1.13798e-15
0.0116389,5.82867e-16
0.0116667,1.09635e-15
0.0116944,5.27356e-16
0.0117222,1.06859e-15
0.01175,5.41234e-16
0.0117778,1.06859e-15
0.0118056,5.55112e-16
0.0118333,1.09635e-15
0.0118611,5.68989e-16
0.0118889,1.06859e-15
0.0119167,5.82867e-16
0.0119444,1.06859e-15
0.0119722,6.245e-16
0.012,1.09635e-15
0.0120278,5.96745e-16
0.0120556,1.06859e-15
0.0120833,5.96745e-16
0.0121111,1.06859e-15
0.0121389,6.38378e-16
0.0121667,1.06859e-15
0.0121944,6.52256e-16
0.0122222,1.06859e-15
0.01225,6.10623e-16
0.0122778,1.06859e-15
0.0123056,5.96745e-16
0.0123333,1.06859e-15
0.0123611,5.96745e-16
0.0123889,1.06859e-15
0.0124167,6.245e-16
0.0124444,1.06859e-15
0.0124722,6.245e-16
0.0125,1.06859e-15
0.0125278,6.52256e-16
0.0125556,1.06859e-15
0.0125833,6.52256e-16
0.0126111,1.06859e-15
0.0126389,6.52256e-16
0.0126667,1.06859e-15
0.0126944,6.52256e-16
0.0127222,1.06859e-15
0.01275,6.52256e-16
0.0127778,1.06859e-15
0.0128056,6.245e-16
0.0128333,1.06859e-15
0.0128611,6.245e-16
0.0128889,1.06859e-15
0.0129167,6.245e-16
0.0129444,1.06859e-15
0.0129722,6.245e-16
0.013,1.06859e-15
0.0130278,6.245e-16
0.0130556,1.06859e-15
0.0130833,6.245e-16
0.0131111,1.06859e-15
0.0131389,6.245e-16
0.0131667,1.06859e-15
0.0131944,6.245e-16
0.0132222,1.06859e-15
0.01325,6.245e-16
0.0132778,1.06859e-15
0.0133056,6.245e-16
0.0133333,1.06859e-15
0.0133611,6.245e-16
0.0133889,1.06859e-15
0.0134167,6.245e-16
0.0134444,1.06859e-15
0.0134722,6.245e-16
0.0135,1.06859e-15
0.0135278,6.245e-16
0.0135556,1.06859e-15
0.0135833,6.245e-16
0.0136111,1.06859e-15
0.0136389,6.52256e-16
0.0136667,1.09635e-15
0.0136944,7.07767e-16
0.0137222,1.20737e-15
0.01375,9.29812e-16
0.0137778,1.65146e-15
0.0138056,1.73472e-15
0.0138333,3.15026e-15
0.0138611,4.59355e-15
0.0138889,8.36831e-15
0.0139167,1.41692e-14
0.0139444,2.60209e-14
0.0139722,4.64212e-14
0.014,8.43353e-14
0.0140278,1.51171e-13
0.0140556,2.71658e-13
0.0140833,4.83849e-13
0.0141111,8.58882e-13
0.0141389,1.51375e-12
0.0141667,2.65417e-12
0.0141944,4.62365e-12
0.0142222,8.00747e-12
0.01425,1.37809e-11
0.0142778,2.35737e-11
0.0143056,4.00755e-11
0.0143333,6.77125e-11
0.0143611,1.13703e-10
0.0143889,1.89758e-10
0.0144167,3.14737e-10
0.0144444,5.18822e-10
0.0144722,8.49977e-10
0.0145,1.38394e-09
0.0145278,2.23948e-09
0.0145556,3.60163e-09
0.0145833,5.75665e-09
0.0146111,9.14452e-09
0.0146389,1.44368e-08
0.0146667,2.26519e-08
0.0146944,3.53229e-08
0.0147222,5.4743e-08
0.01475,8.43181e-08
0.0147778,1.29072e-07
0.0148056,1.96366e-07
0.0148333,2.96907e-07
0.0148611,4.46163e-07
0.0148889,6.66326e-07
0.0149167,9.8901e-07
0.0149444,1.45893e-06
0.0149722,2.13889e-06
0.015,3.11647e-06
0.0150278,4.51292e-06
0.0150556,6.4949e-06
0.0150833,9.28983e-06
0.0151111,1.32057e-05
0.0151389,1.86568e-05
0.0151667,2.61959e-05
0.0151944,3.65552e-05
0.0152222,5.06973e-05
0.01525,6.9878e-05
0.0152778,9.57231e-05
0.0153056,0.000130321
0.0153333,0.000176331
0.0153611,0.000237119
0.0153889,0.0003169
0.0154167,0.000420919
0.0154444,0.000555643
0.0154722,0.000728975
0.0155,0.000950495
0.0155278,0.00123171
0.0155556,0.0015863
0.0155833,0.0020304
0.0156111,0.00258285
0.0156389,0.0032654
0.0156667,0.00410294
0.0156944,0.00512357
0.0157222,0.00635873
0.01575,0.00784311
0.0157778,0.0096145
0.0158056,0.0117134
0.0158333,0.0141828
0.0158611,0.0170672
0.0158889,0.0204117
0.0159167,0.0242615
0.0159444,0.02866
0.0159722,0.0336477
0.016,0.0392604
0.0160278,0.0455274
0.0160556,0.0524701
0.0160833,0.0600995
0.0161111,0.0684147
0.0161389,0.0774014
0.0161667,0.0870298
0.0161944,0.0972539
0.0162222,0.108011
0.01625,0.119219
0.0162778,0.130781
0.0163056,0.142582
0.0163333,0.154491
0.0163611,0.166365
0.0163889,0.17805
0.0164167,0.189383
0.0164444,0.200199
0.0164722,0.21033
0.0165,0.219614
0.0165278,0.227898
0.0165556,0.235039
0.0165833,0.240913
0.0166111,0.245414
0.0166389,0.248462
0.0166667,0.25
0.0166944,0.25
0.0167222,0.248462
0.01675,0.245414
0.0167778,0.240913
0.0168056,0.235039
0.0168333,0.227898
0.0168611,0.219614
0.0168889,0.21033
0.0169167,0.200199
0.0169444,0.189383
0.0169722,0.17805
0.017,0.166365
0.0170278,0.154491
0.0170556,0.142582
0.0170833,0.130781
0.0171111,0.119219
0.0171389,0.108011
0.0171667,0.0972539
0.0171944,0.0870298
0.0172222,0.0774014
0.01725,0.0684147
0.0172778,0.0600995
0.0173056,0.0524701
0.0173333,0.0455274
0.0173611,0.0392604
0.0173889,0.0336477
0.0174167,0.02866
0.0174444,0.0242615
0.0174722,0.0204117
0.0175,0.0170672
0.0175278,0.0141828
0.0175556,0.0117134
0.0175833,0.0096145
0.0176111,0.00784311
0.0176389,0.00635873
0.0176667,0.00512357
0.0176944,0.00410294
0.0177222,0.0032654
0.01775,0.00258285
0.0177778,0.0020304
0.0178056,0.0015863
0.0178333,0.00123171
0.0178611,0.000950495
0.0178889,0.000728975
0.0179167,0.000555643
0.0179444,0.000420919
0.0179722,0.0003169
0.018,0.000237119
0.0180278,0.000176331
0.0180556,0.000130321
0.0180833,9.57231e-05
0.0181111,6.9878e-05
0.0181389,5.06973e-05
0.0181667,3.65552e-05
0.0181944,2.61959e-05
0.0182222,1.86568e-05
0.01825,1.32057e-05
0.0182778,9.28983e-06
0.0183056,6.4949e-06
0.0183333,4.51292e-06
0.0183611,3.11647e-06
0.0183889,2.13889e-06
0.0184167,1.45893e-06
0.0184444,9.8901e-07
0.0184722,6.66326e-07
0.0185,4.46163e-07
0.0185278,2.96907e-07
0.0185556,1.96366e-07
0.0185833,1.29072e-07
0.0186111,8.43181e-08
0.0186389,5.4743e-08
0.0186667,3.53229e-08
0.0186944,2.26519e-08
0.0187222,1.44368e-08
0.01875,9.14452e-09
0.0187778,5.75664e-09
0.0188056,3.60162e-09
0.0188333,2.23948e-09
0.0188611,1.38394e-09
0.0188889,8.49976e-10
0.0189167,5.1882e-10
0.0189444,3.14736e-10
0.0189722,1.89757e-10
0.019,1.13701e-10
0.0190278,6.77107e-11
0.0190556,4.00739e-11
0.0190833,2.35719e-11
0.0191111,1.37793e-11
0.0191389,8.00576e-12
0.0191667,4.62205e-12
0.0191944,2.65249e-12
0.0192222,1.51215e-12
0.01925,8.57175e-13
0.0192778,4.82198e-13
0.0193056,2.70034e-13
0.0193333,1.49575e-13
0.0193611,8.28226e-14
0.0193889,4.48253e-14
0.0194167,2.45914e-14
0.0194444,1.26288e-14
0.0194722,6.88338e-15
0.0195,2.96985e-15
0.0195278,1.66533e-15
0.0195556,2.77556e-17
0.0195833,1.66533e-16
0.0196111,-7.77156e-16
0.0196389,-3.05311e-16
0.0196667,-9.71445e-16
0.0196944,-4.16334e-16
0.0197222,-1.08247e-15
0.01975,-4.16334e-16
0.0197778,-1.05471e-15
0.0198056,-4.44089e-16
0.0198333,-1.13798e-15
0.0198611,-4.71845e-16
0.0198889,-1.13798e-15
0.0199167,-4.996e-16
0.0199444,-1.13798e-15
0.0199722,-4.996e-16
0.02,-1.13798e-15
0.0200278,-4.44089e-16
0.0200556,-1.08247e-15
0.0200833,-4.44089e-16
0.0201111,-1.02696e-15
0.0201389,-4.71845e-16
0.0201667,-1.08247e-15
0.0201944,-4.996e-16
0.0202222,-9.99201e-16
0.02025,-5.27356e-16
0.0202778,-9.99201e-16
0.0203056,-5.82867e-16
0.0203333,-1.02696e-15
0.0203611,-5.82867e-16
0.0203889,-1.05471e-15
0.0204167,-5.82867e-16
0.0204444,-1.05471e-15
0.0204722,-6.10623e-16
0.0205,-1.05471e-15
0.0205278,-6.38378e-16
0.0205556,-1.05471e-15
0.0205833,-5.82867e-16
0.0206111,-1.05471e-15
0.0206389,-5.82867e-16
0.0206667,-1.05471e-15
0.0206944,-5.82867e-16
0.0207222,-1.05471e-15
0.02075,-6.10623e-16
0.0207778,-1.05471e-15
0.0208056,-6.10623e-16
0.0208333,-1.05471e-15
0.0208611,-6.38378e-16
0.0208889,-1.05471e-15
0.0209167,-6.38378e-16
0.0209444,-1.05471e-15
0.0209722,-6.38378e-16
0.021,-1.05471e-15
0.0210278,-6.38378e-16
0.0210556,-1.05471e-15
0.0210833,-6.38378e-16
0.0211111,-1.05471e-15
0.0211389,-6.10623e-16
0.0211667,-1.05471e-15
0.0211944,-6.10623e-16
0.0212222,-1.05471e-15
0.02125,-6.10623e-16
0.0212778,-1.05471e-15
0.0213056,-6.10623e-16
0.0213333,-1.05471e-15
0.0213611,-6.10623e-16
0.0213889,-1.05471e-15
0.0214167,-6.10623e-16
0.0214444,-1.05471e-15
0.0214722,-6.10623e-16
0.0215,-1.05471e-15
0.0215278,-6.10623e-16
0.0215556,-1.05471e-15
0.0215833,-6.10623e-16
0.0216111,-1.05471e-15
0.0216389,-6.10623e-16
0.0216667,-1.05471e-15
0.0216944,-6.10623e-16
0.0217222,-1.05471e-15
0.02175,-6.10623e-16
0.0217778,-1.05471e-15
0.0218056,-6.10623e-16
0.0218333,-1.05471e-15
0.0218611,-6.10623e-16
0.0218889,-1.05471e-15
0.0219167,-6.10623e-16
0.0219444,-1.05471e-15
0.0219722,-6.66134e-16
0.022,-1.11022e-15
0.0220278,-6.93889e-16
0.0220556,-1.22125e-15
0.0220833,-9.15934e-16
0.0221111,-1.66533e-15
0.0221389,-1.72085e-15
0.0221667,-3.16414e-15
0.0221944,-4.57967e-15
0.0222222,-8.38218e-15
0.02225,-1.41553e-14
0.0222778,-2.60347e-14
0.0223056,-4.64073e-14
0.0223333,-8.43214e-14
0.0223611,-1.51157e-13
0.0223889,-2.71672e-13
0.0224167,-4.83835e-13
0.0224444,-8.58869e-13
0.0224722,-1.51373e-12
0.0225,-2.65415e-12
0.0225278,-4.62363e-12
0.0225556,-8.00748e-12
0.0225833,-1.37809e-11
0.0226111,-2.35737e-11
0.0226389,-4.00755e-11
0.0226667,-6.77125e-11
0.0226944,-1.13703e-10
0.0227222,-1.89758e-10
0.02275,-3.14737e-10
0.0227778,-5.18822e-10
0.0228056,-8.49977e-10
0.0228333,-1.38394e-09
0.0228611,-2.23948e-09
0.0228889,-3.60163e-09
0.0229167,-5.75665e-09
0.0229444,-9.14452e-09
0.0229722,-1.44368e-08
0.023,-2.26519e-08
0.0230278,-3.53229e-08
0.0230556,-5.4743e-08
0.0230833,-8.43181e-08
0.0231111,-1.29072e-07
0.0231389,-1.96366e-07
0.0231667,-2.96907e-07
0.0231944,-4.46163e-07
0.0232222,-6.66326e-07
0.02325,-9.8901e-07
0.0232778,-1.45893e-06
0.0233056,-2.13889e-06
0.0233333,-3.11647e-06
0.0233611,-4.51292e-06
0.0233889,-6.4949e-06
0.0234167,-9.28983e-06
0.0234444,-1.32057e-05
0.0234722,-1.86568e-05
0.0235,-2.61959e-05
0.0235278,-3.65552e-05
0.0235556,-5.06973e-05
0.0235833,-6.9878e-05
0.0236111,-9.57231e-05
0.0236389,-0.000130321
0.0236667,-0.000176331
0.0236944,-0.000237119
0.0237222,-0.0003169
0.02375,-0.000420919
0.0237778,-0.000555643
0.0238056,-0.000728975
0.0238333,-0.000950495
0.0238611,-0.00123171
0.0238889,-0.0015863
0.0239167,-0.0020304
0.0239444,-0.00258285
0.0239722,-0.0032654
0.024,-0.00410294
0.0240278,-0.00512357
0.0240556,-0.00635873
0.0240833,-0.00784311
0.0241111,-0.0096145
0.0241389,-0.0117134
0.0241667,-0.0141828
0.0241944,-0.0170672
0.0242222,-0.0204117
0.02425,-0.0242615
0.0242778,-0.02866
0.0243056,-0.0336477
0.0243333,-0.0392604
0.0243611,-0.0455274
0.0243889,-0.0524701
0.0244167,-0.0600995
0.0244444,-0.0684147
0.0244722,-0.0774014
0.0245,-0.0870298
0.0245278,-0.0972539
0.0245556,-0.108011
0.0245833,-0.119219
0.0246111,-0.130781
0.0246389,-0.142582
0.0246667,-0.154491
0.0246944,-0.166365
0.0247222,-0.17805
0.02475,-0.189383
0.0247778,-0.200199
0.0248056,-0.21033
0.0248333,-0.219614
0.0248611,-0.227898
0.0248889,-0.235039
0.0249167,-0.240913
0.0249444,-0.245414
0.0249722,-0.248462
0.025,-0.25
0.0250278,-0.25
0.0250556,-0.248462
0.0250833,-0.245414
0.0251111,-0.240913
0.0251389,-0.235039
0.0251667,-0.227898
0.0251944,-0.219614
0.0252222,-0.21033
0.02525,-0.200199
0.0252778,-0.189383
0.0253056,-0.17805
0.0253333,-0.166365
0.0253611,-0.154491
0.0253889,-0.142582
0.0254167,-0.130781
0.0254444,-0.119219
0.0254722,-0.108011
0.0255,-0.0972539
0.0255278,-0.0870298
0.0255556,-0.0774014
0.0255833,-0.0684147
0.0256111,-0.0600995
0.0256389,-0.0524701
0.0256667,-0.0455274
0.0256944,-0.0392604
0.0257222,-0.0336477
0.02575,-0.02866
0.0257778,-0.0242615
0.0258056,-0.0204117
0.0258333,-0.0170672
0.0258611,-0.0141828
0.0258889,-0.0117134
0.0259167,-0.0096145
0.0259444,-0.00784311
0.0259722,-0.00635873
0.026,-0.00512357
0.0260278,-0.00410294
0.0260556,-0.0032654
0.0260833,-0.00258285
0.0261111,-0.0020304
0.0261389,-0.0015863
0.0261667,-0.00123171
0.0261944,-0.000950495
0.0262222,-0.000728975
0.02625,-0.000555643
0.0262778,-0.000420919
0.0263056,-0.0003169
0.0263333,-0.000237119
0.0263611,-0.000176331
0.0263889,-0.000130321
0.0264167,-9.57231e-05
0.0264444,-6.9878e-05
0.0264722,-5.06973e-05
0.0265,-3.65552e-05
0.0265278,-2.61959e-05
0.0265556,-1.86568e-05
0.0265833,-1.32057e-05
0.0266111,-9.28983e-06
0.0266389,-6.4949e-06
0.0266667,-4.51292e-06
0.0266944,-3.11647e-06
0.0267222,-2.13889e-06
0.02675,-1.45893e-06
0.0267778,-9.8901e-07
0.0268056,-6.66326e-07
0.0268333,-4.46163e-07
0.0268611,-2.96907e-07
0.0268889,-1.96366e-07
0.0269167,-1.29072e-07
0.0269444,-8.43181e-08
0.0269722,-5.4743e-08
0.027,-3.53229e-08
0.0270278,-2.26519e-08
0.0270556,-1.44368e-08
0.0270833,-9.14452e-09
0.0271111,-5.75665e-09
0.0271389,-3.60162e-09
0.0271667,-2.23948e-09
0.0271944,-1.38394e-09
0.0272222,-8.49977e-10
0.02725,-5.1882e-10
0.0272778,-3.14737e-10
0.0273056,-1.89756e-10
0.0273333,-1.13703e-10
0.0273611,-6.77106e-11
0.0273889,-4.00757e-11
0.0274167,-2.35718e-11
0.0274444,-1.3781e-11
0.0274722,-8.00562e-12
0.0275,-4.6238e-12
0.0275278,-2.65235e-12
0.0275556,-1.5139e-12
0.0275833,-8.57037e-13
0.0276111,-4.83946e-13
0.0276389,-2.69895e-13
0.0276667,-1.51323e-13
0.0276944,-8.26839e-14
0.0277222,-4.65739e-14
0.02775,-2.44527e-14
0.0277778,-1.43774e-14
0.0278056,-6.7446e-15
0.0278333,-4.71845e-15
0.0278611,-1.52656e-15
0.0278889,-1.77636e-15
0.0279167,-2.77556e-17
0.0279444,-9.71445e-16
0.0279722,4.44089e-16
0.028,-7.77156e-16
0.0280278,5.55112e-16
0.0280556,-6.66134e-16
0.0280833,5.55112e-16
0.0281111,-6.93889e-16
0.0281389,5.82867e-16
0.0281667,-6.10623e-16
0.0281944,6.10623e-16
0.0282222,-6.10623e-16
0.02825,6.38378e-16
0.0282778,-6.10623e-16
0.0283056,6.38378e-16
0.0283333,-6.10623e-16
0.0283611,5.82867e-16
0.0283889,-6.66134e-16
0.0284167,5.82867e-16
0.0284444,-7.21645e-16
0.0284722,6.10623e-16
0.0285,-6.66134e-16
0.0285278,6.38378e-16
0.0285556,-7.49401e-16
0.0285833,6.66134e-16
0.0286111,-7.49401e-16
0.0286389,7.21645e-16
0.0286667,-7.21645e-16
0.0286944,7.21645e-16
0.0287222,-6.93889e-16
0.02875,7.21645e-16
0.0287778,-6.93889e-16
0.0288056,7.49401e-16
0.0288333,-6.93889e-16
0.0288611,7.77156e-16
0.0288889,-6.93889e-16
0.0289167,7.21645e-16
0.0289444,-6.93889e-16
0.0289722,7.21645e-16
0.029,-6.93889e-16
0.0290278,7.21645e-16
0.0290556,-6.93889e-16
0.0290833,7.49401e-16
0.0291111,-6.93889e-16
0.0291389,7.49401e-16
0.0291667,-6.93889e-16
0.0291944,7.77156e-16
0.0292222,-6.93889e-16
0.02925,7.77156e-16
0.0292778,-6.93889e-16
0.0293056,7.77156e-16
0.0293333,-6.93889e-16
0.0293611,7.77156e-16
0.0293889,-6.93889e-16
0.0294167,7.77156e-16
0.0294444,-6.93889e-16
0.0294722,7.49401e-16
0.0295,-6.93889e-16
0.0295278,7.49401e-16
0.0295556,-6.93889e-16
0.0295833,7.49401e-16
0.0296111,-6.93889e-16
0.0296389,7.49401e-16
0.0296667,-6.93889e-16
0.0296944,7.49401e-16
0.0297222,-6.93889e-16
0.02975,7.49401e-16
0.0297778,-6.93889e-16
0.0298056,7.49401e-16
0.0298333,-6.93889e-16
0.0298611,7.49401e-16
0.0298889,-6.93889e-16
0.0299167,7.49401e-16
0.0299444,-6.93889e-16
0.0299722,7.49401e-16
0.03,-6.93889e-16
0.0300278,7.49401e-16
0.0300556,-6.93889e-16
0.0300833,7.49401e-16
0.0301111,-6.93889e-16
0.0301389,7.49401e-16
0.0301667,-6.93889e-16
0.0301944,7.49401e-16
0.0302222,-6.93889e-16
0.03025,7.49401e-16
0.0302778,-6.93889e-16
0.0303056,8.04912e-16
0.0303333,-6.38378e-16
0.0303611,8.32667e-16
0.0303889,-5.27356e-16
0.0304167,1.05471e-15
0.0304444,-8.32667e-17
0.0304722,1.85962e-15
0.0305,1.41553e-15
0.0305278,4.71845e-15
0.0305556,6.63358e-15
0.0305833,1.42941e-14
0.0306111,2.42861e-14
0.0306389,4.65461e-14
0.0306667,8.25728e-14
0.0306944,1.51296e-13
0.0307222,2.69923e-13
0.03075,4.83974e-13
0.0307778,8.5712e-13
0.0308056,1.51387e-12
0.0308333,2.65241e-12
0.0308611,4.62377e-12
0.0308889,8.00573e-12
0.0309167,1.3781e-11
0.0309444,2.35719e-11
0.0309722,4.00756e-11
0.031,6.77108e-11
0.0310278,1.13703e-10
0.0310556,1.89757e-10
0.0310833,3.14737e-10
0.0311111,5.1882e-10
0.0311389,8.49977e-10
0.0311667,1.38394e-09
0.0311944,2.23948e-09
0.0312222,3.60162e-09
0.03125,5.75665e-09
0.0312778,9.14452e-09
0.0313056,1.44368e-08
0.0313333,2.26519e-08
0.0313611,3.53229e-08
0.0313889,5.4743e-08
0.0314167,8.43181e-08
0.0314444,1.29072e-07
0.0314722,1.96366e-07
0.0315,2.96907e-07
0.0315278,4.46163e-07
0.0315556,6.66326e-07
0.0315833,9.8901e-07
0.0316111,1.45893e-06
0.0316389,2.13889e-06
0.0316667,3.11647e-06
0.0316944,4.51292e-06
0.0317222,6.4949e-06
0.03175,9.28983e-06
0.0317778,1.32057e-05
0.0318056,1.86568e-05
0.0318333,2.61959e-05
0.0318611,3.65552e-05
0.0318889,5.06973e-05
0.0319167,6.9878e-05
0.0319444,9.57231e-05
0.0319722,0.000130321
0.032,0.000176331
0.0320278,0.000237119
0.0320556,0.0003169
0.0320833,0.000420919
0.0321111,0.000555643
0.0321389,0.000728975
0.0321667,0.000950495
0.0321944,0.00123171
0.0322222,0.0015863
0.03225,0.0020304
0.0322778,0.00258285
0.0323056,0.0032654
0.0323333,0.00410294
0.0323611,0.00512357
0.0323889,0.00635873
0.0324167,0.00784311
0.0324444,0.0096145
0.0324722,0.0117134
0.0325,0.0141828
0.0325278,0.0170672
0.0325556,0.0204117
0.0325833,0.0242615
0.0326111,0.02866
0.0326389,0.0336477
0.0326667,0.0392604
0.0326944,0.0455274
0.0327222,0.0524701
0.03275,0.0600995
0.0327778,0.0684147
0.0328056,0.0774014
0.0328333,0.0870298
0.0328611,0.0972539
0.0328889,0.108011
0.0329167,0.119219
0.0329444,0.130781
0.0329722,0.142582
0.033,0.154491
0.0330278,0.166365
0.0330556,0.17805
0.0330833,0.189383
0.0331111,0.200199
0.0331389,0.21033
0.0331667,0.219614
0.0331944,0.227898
0.0332222,0.235039
0.03325,0.240913
0.0332778,0.245414
0.0333056,0.248462
0.0333333,0.25
0.0333611,0.25
0.0333889,0.248462
0.0334167,0.245414
0.0334444,0.240913
0.0334722,0.235039
0.0335,0.227898
0.0335278,0.219614
0.0335556,0.21033
0.0335833,0.200199
0.0336111,0.189383
0.0336389,0.17805
0.0336667,0.166365
0.0336944,0.154491
0.0337222,0.142582
0.03375,0.130781
0.0337778,0.119219
0.0338056,0.108011
0.0338333,0.0972539
0.0338611,0.0870298
0.0338889,0.0774014
0.0339167,0.0684147
0.0339444,0.0600995
0.0339722,0.0524701
0.034,0.0455274
0.0340278,0.0392604
0.0340556,0.0336477
0.0340833,0.02866
0.0341111,0.0242615
0.0341389,0.0204117
0.0341667,0.0170672
0.0341944,0.0141828
0.0342222,0.0117134
0.03425,0.0096145
0.0342778,0.00784311
0.0343056,0.00635873
0.0343333,0.00512357
0.0343611,0.00410294
0.0343889,0.0032654
0.0344167,0.00258285
0.0344444,0.0020304
0.0344722,0.0015863
0.0345,0.00123171
0.0345278,0.000950495
0.0345556,0.000728975
0.0345833,0.000555643
0.0346111,0.000420919
0.0346389,0.0003169
0.0346667,0.000237119
0.0346944,0.000176331
0.0347222,0.000130321
0.03475,9.57231e-05
0.0347778,6.9878e-05
0.0348056,5.06973e-05
0.0348333,3.65552e-05
0.0348611,2.61959e-05
0.0348889,1.86568e-05
0.0349167,1.32057e-05
0.0349444,9.28983e-06
0.0349722,6.4949e-06
0.035,4.51292e-06
0.0350278,3.11647e-06
0.0350556,2.13889e-06
0.0350833,1.45893e-06
0.0351111,9.8901e-07
0.0351389,6.66326e-07
0.0351667,4.46163e-07
0.0351944,2.96907e-07
0.0352222,1.96366e-07
0.03525,1.29072e-07
0.0352778,8.43181e-08
0.0353056,5.4743e-08
0.0353333,3.53229e-08
0.0353611,2.26519e-08
0.0353889,1.44368e-08
0.0354167,9.14452e-09
0.0354444,5.75665e-09
0.0354722,3.60162e-09
0.0355,2.23948e-09
0.0355278,1.38394e-09
0.0355556,8.49978e-10
0.0355833,5.1882e-10
0.0356111,3.14738e-10
0.0356389,1.89757e-10
0.0356667,1.13703e-10
0.0356944,6.77109e-11
0.0357222,4.0076e-11
0.03575,2.35722e-11
0.0357778,1.37814e-11
0.0358056,8.00598e-12
0.0358333,4.62416e-12
0.0358611,2.65271e-12
0.0358889,1.51426e-12
0.0359167,8.57397e-13
0.0359444,4.84307e-13
0.0359722,2.70256e-13
0.036,1.51684e-13
0.0360278,8.30447e-14
0.0360556,4.69347e-14
0.0360833,2.48135e-14
0.0361111,1.47382e-14
0.0361389,7.10543e-15
0.0361667,5.07927e-15
0.0361944,1.88738e-15
0.0362222,2.13718e-15
0.03625,3.88578e-16
0.0362778,1.33227e-15
0.0363056,-8.32667e-17
0.0363333,1.13798e-15
0.0363611,-1.94289e-16
0.0363889,1.02696e-15
0.0364167,-1.94289e-16
0.0364444,1.05471e-15
0.0364722,-2.22045e-16
0.0365,9.71445e-16
0.0365278,-2.498e-16
0.0365556,9.71445e-16
0.0365833,-2.77556e-16
0.0366111,9.71445e-16
0.0366389,-2.77556e-16
0.0366667,9.71445e-16
0.0366944,-2.22045e-16
0.0367222,1.02696e-15
0.03675,-2.22045e-16
0.0367778,1.08247e-15
0.0368056,-2.498e-16
0.0368333,1.02696e-15
0.0368611,-2.77556e-16
0.0368889,1.11022e-15
0.0369167,-3.05311e-16
0.0369444,1.11022e-15
0.0369722,-3.60822e-16
0.037,1.08247e-15
0.0370278,-3.60822e-16
0.0370556,1.05471e-15
0.0370833,-3.60822e-16
0.0371111,1.05471e-15
0.0371389,-3.88578e-16
0.0371667,1.05471e-15
0.0371944,-4.16334e-16
0.0372222,1.05471e-15
0.03725,-3.60822e-16
0.0372778,1.05471e-15
0.0373056,-3.60822e-16
0.0373333,1.05471e-15
0.0373611,-3.60822e-16
0.0373889,1.05471e-15
0.0374167,-3.88578e-16
0.0374444,1.05471e-15
0.0374722,-3.88578e-16
0.0375,1.05471e-15
0.0375278,-4.16334e-16
0.0375556,1.05471e-15
0.0375833,-4.16334e-16
0.0376111,1.05471e-15
0.0376389,-4.16334e-16
0.0376667,1.05471e-15
0.0376944,-4.16334e-16
0.0377222,1.05471e-15
0.03775,-4.16334e-16
0.0377778,1.05471e-15
0.0378056,-3.88578e-16
0.0378333,1.05471e-15
0.0378611,-3.88578e-16
0.0378889,1.05471e-15
0.0379167,-3.88578e-16
0.0379444,1.05471e-15
0.0379722,-3.88578e-16
0.038,1.05471e-15
0.0380278,-3.88578e-16
0.0380556,1.05471e-15
0.0380833,-3.88578e-16
0.0381111,1.05471e-15
0.0381389,-3.88578e-16
0.0381667,1.05471e-15
0.0381944,-3.88578e-16
0.0382222,1.05471e-15
0.03825,-3.88578e-16
0.0382778,1.05471e-15
0.0383056,-3.88578e-16
0.0383333,1.05471e-15
0.0383611,-3.88578e-16
0.0383889,1.05471e-15
0.0384167,-3.88578e-16
0.0384444,1.05471e-15
0.0384722,-3.88578e-16
0.0385,1.05471e-15
0.0385278,-3.88578e-16
0.0385556,1.05471e-15
0.0385833,-3.88578e-16
0.0386111,1.05471e-15
0.0386389,-4.44089e-16
0.0386667,9.99201e-16
0.0386944,-4.71845e-16
0.0387222,8.88178e-16
0.03875,-6.93889e-16
0.0387778,4.44089e-16
0.0388056,-1.4988e-15
0.0388333,-1.05471e-15
0.0388611,-4.35763e-15
0.0388889,-6.27276e-15
0.0389167,-1.39333e-14
0.0389444,-2.39253e-14
0.0389722,-4.61853e-14
0.039,-8.2212e-14
0.0390278,-1.50935e-13
0.0390556,-2.69562e-13
0.0390833,-4.83613e-13
0.0391111,-8.56759e-13
0.0391389,-1.51351e-12
0.0391667,-2.65205e-12
0.0391944,-4.62341e-12
0.0392222,-8.00537e-12
0.03925,-1.37806e-11
0.0392778,-2.35716e-11
0.0393056,-4.00753e-11
0.0393333,-6.77104e-11
0.0393611,-1.13703e-10
0.0393889,-1.89756e-10
0.0394167,-3.14737e-10
0.0394444,-5.1882e-10
0.0394722,-8.49977e-10
0.0395,-1.38394e-09
0.0395278,-2.23948e-09
0.0395556,-3.60162e-09
0.0395833,-5.75665e-09
0.0396111,-9.14452e-09
0.0396389,-1.44368e-08
0.0396667,-2.26519e-08
0.0396944,-3.53229e-08
0.0397222,-5.4743e-08
0.03975,-8.43181e-08
0.0397778,-1.29072e-07
0.0398056,-1.96366e-07
0.0398333,-2.96907e-07
0.0398611,-4.46163e-07
0.0398889,-6.66326e-07
0.0399167,-9.8901e-07
0.0399444,-1.45893e-06
0.0399722,-2.13889e-06
0.04,-3.11647e-06
0.0400278,-4.51292e-06
0.0400556,-6.4949e-06
0.0400833,-9.28983e-06
0.0401111,-1.32057e-05
0.0401389,-1.86568e-05
0.0401667,-2.61959e-05
0.0401944,-3.65552e-05
0.0402222,-5.06973e-05
0.04025,-6.9878e-05
0.0402778,-9.57231e-05
0.0403056,-0.000130321
0.0403333,-0.000176331
0.0403611,-0.000237119
0.0403889,-0.0003169
0.0404167,-0.000420919
0.0404444,-0.000555643
0.0404722,-0.000728975
0.0405,-0.000950495
0.0405278,-0.00123171
0.0405556,-0.0015863
0.0405833,-0.0020304
0.0406111,-0.00258285
0.0406389,-0.0032654
0.0406667,-0.00410294
0.0406944,-0.00512357
0.0407222,-0.00635873
0.04075,-0.00784311
0.0407778,-0.0096145
0.0408056,-0.0117134
0.0408333,-0.0141828
0.0408611,-0.0170672
0.0408889,-0.0204117
0.0409167,-0.0242615
0.0409444,-0.02866
0.0409722,-0.0336477
0.041,-0.0392604
0.0410278,-0.0455274
0.0410556,-0.0524701
0.0410833,-0.0600995
0.0411111,-0.0684147
0.0411389,-0.0774014
0.0411667,-0.0870298
0.0411944,-0.0972539
0.0412222,-0.108011
0.04125,-0.119219
0.0412778,-0.130781
0.0413056,-0.142582
0.0413333,-0.154491
0.0413611,-0.166365
0.0413889,-0.17805
0.0414167,-0.189383
0.0414444,-0.200199
0.0414722,-0.21033
0.0415,-0.219614
0.0415278,-0.227898
0.0415556,-0.235039
0.0415833,-0.240913
0.0416111,-0.245414
0.0416389,-0.248462
0.0416667,-0.25
0.0416944,-0.25
0.0417222,-0.248462
0.04175,-0.245414
0.0417778,-0.240913
0.0418056,-0.235039
0.0418333,-0.227898
0.0418611,-0.219614
0.0418889,-0.21033
0.0419167,-0.200199
0.0419444,-0.189383
0.0419722,-0.17805
0.042,-0.166365
0.0420278,-0.154491
0.0420556,-0.142582
0.0420833,-0.130781
0.0421111,-0.119219
0.0421389,-0.108011
0.0421667,-0.0972539
0.0421944,-0.0870298
0.0422222,-0.0774014
0.04225,-0.0684147
0.0422778,-0.0600995
0.0423056,-0.0524701
0.0423333,-0.0455274
0.0423611,-0.0392604
0.0423889,-0.0336477
0.0424167,-0.02866
0.0424444,-0.0242615
0.0424722,-0.0204117
0.0425,-0.0170672
0.0425278,-0.0141828
0.0425556,-0.0117134
0.0425833,-0.0096145
0.0426111,-0.00784311
0.0426389,-0.00635873
0.0426667,-0.00512357
0.0426944,-0.00410294
0.0427222,-0.0032654
0.04275,-0.00258285
0.0427778,-0.0020304
0.0428056,-0.0015863
0.0428333,-0.00123171
0.0428611,-0.000950495
0.0428889,-0.000728975
0.0429167,-0.000555643
0.0429444,-0.000420919
0.0429722,-0.0003169
0.043,-0.000237119
0.0430278,-0.000176331
0.0430556,-0.000130321
0.0430833,-9.57231e-05
0.0431111,-6.9878e-05
0.0431389,-5.06973e-05
0.0431667,-3.65552e-05
0.0431944,-2.61959e-05
0.0432222,-1.86568e-05
0.04325,-1.32057e-05
0.0432778,-9.28983e-06
0.0433056,-6.4949e-06
0.0433333,-4.51292e-06
0.0433611,-3.11647e-06
0.0433889,-2.13889e-06
0.0434167,-1.45893e-06
0.0434444,-9.8901e-07
0.0434722,-6.66326e-07
0.0435,-4.46163e-07
0.0435278,-2.96907e-07
0.0435556,-1.96366e-07
0.0435833,-1.29072e-07
0.0436111,-8.43181e-08
0.0436389,-5.4743e-08
0.0436667,-3.53229e-08
0.0436944,-2.26519e-08
0.0437222,-1.44368e-08
0.04375,-9.14452e-09
0.0437778,-5.75665e-09
0.0438056,-3.60162e-09
0.0438333,-2.23948e-09
0.0438611,-1.38394e-09
0.0438889,-8.49978e-10
0.0439167,-5.1882e-10
0.0439444,-3.14738e-10
0.0439722,-1.89756e-10
0.044,-1.13704e-10
0.0440278,-6.77105e-11
0.0440556,-4.00763e-11
0.0440833,-2.35717e-11
0.0441111,-1.37817e-11
0.0441389,-8.00554e-12
0.0441667,-4.62447e-12
0.0441944,-2.65227e-12
0.0442222,-1.51457e-12
0.04425,-8.56953e-13
0.0442778,-4.84612e-13
0.0443056,-2.69812e-13
0.0443333,-1.5199e-13
0.0443611,-8.26006e-14
0.0443889,-4.724e-14
0.0444167,-2.43694e-14
0.0444444,-1.50435e-14
0.0444722,-6.66134e-15
0.0445,-5.38458e-15
0.0445278,-1.44329e-15
0.0445556,-2.44249e-15
0.0445833,5.55112e-17
0.0446111,-1.63758e-15
0.0446389,5.27356e-16
0.0446667,-1.44329e-15
0.0446944,6.38378e-16
0.0447222,-1.33227e-15
0.04475,6.38378e-16
0.0447778,-1.36002e-15
0.0448056,6.66134e-16
0.0448333,-1.27676e-15
0.0448611,6.93889e-16
0.0448889,-1.27676e-15
0.0449167,7.21645e-16
0.0449444,-1.27676e-15
0.0449722,7.21645e-16
0.045,-1.27676e-15
0.0450278,6.66134e-16
0.0450556,-1.33227e-15
0.0450833,6.66134e-16
0.0451111,-1.38778e-15
0.0451389,6.93889e-16
0.0451667,-1.33227e-15
0.0451944,7.21645e-16
0.0452222,-1.41553e-15
0.04525,7.49401e-16
0.0452778,-1.41553e-15
0.0453056,8.04912e-16
0.0453333,-1.38778e-15
0.0453611,8.04912e-16
0.0453889,-1.36002e-15
0.0454167,8.04912e-16
0.0454444,-1.36002e-15
0.0454722,8.32667e-16
0.0455,-1.36002e-15
0.0455278,8.60423e-16
0.0455556,-1.36002e-15
0.0455833,8.04912e-16
0.0456111,-1.36002e-15
0.0456389,8.04912e-16
0.0456667,-1.36002e-15
0.0456944,8.04912e-16
0.0457222,-1.36002e-15
0.04575,8.32667e-16
0.0457778,-1.36002e-15
0.0458056,8.32667e-16
0.0458333,-1.36002e-15
0.0458611,8.60423e-16
0.0458889,-1.36002e-15
0.0459167,8.60423e-16
0.0459444,-1.36002e-15
0.0459722,8.60423e-16
0.046,-1.36002e-15
0.0460278,8.60423e-16
0.0460556,-1.36002e-15
0.0460833,8.60423e-16
0.0461111,-1.36002e-15
0.0461389,8.32667e-16
0.0461667,-1.36002e-15
0.0461944,8.32667e-16
0.0462222,-1.36002e-15
0.04625,8.32667e-16
0.0462778,-1.36002e-15
0.0463056,8.32667e-16
0.0463333,-1.36002e-15
0.0463611,8.32667e-16
0.0463889,-1.36002e-15
0.0464167,8.32667e-16
0.0464444,-1.36002e-15
0.0464722,8.32667e-16
0.0465,-1.36002e-15
0.0465278,8.32667e-16
0.0465556,-1.36002e-15
0.0465833,8.32667e-16
0.0466111,-1.36002e-15
0.0466389,8.32667e-16
0.0466667,-1.36002e-15
0.0466944,8.32667e-16
0.0467222,-1.36002e-15
0.04675,8.32667e-16
0.0467778,-1.36002e-15
0.0468056,8.32667e-16
0.0468333,-1.36002e-15
0.0468611,8.32667e-16
0.0468889,-1.36002e-15
0.0469167,8.32667e-16
0.0469444,-1.36002e-15
0.0469722,8.88178e-16
0.047,-1.30451e-15
0.0470278,9.15934e-16
0.0470556,-1.19349e-15
0.0470833,1.13798e-15
0.0471111,-7.49401e-16
0.0471389,1.94289e-15
0.0471667,7.49401e-16
0.0471944,4.80171e-15
0.0472222,5.96745e-15
0.04725,1.43774e-14
0.0472778,2.362e-14
0.0473056,4.66294e-14
0.0473333,8.19067e-14
0.0473611,1.51379e-13
0.0473889,2.69257e-13
0.0474167,4.84057e-13
0.0474444,8.56454e-13
0.0474722,1.51396e-12
0.0475,2.65174e-12
0.0475278,4.62386e-12
0.0475556,8.00507e-12
0.0475833,1.37811e-11
0.0476111,2.35713e-11
0.0476389,4.00757e-11
0.0476667,6.77101e-11
0.0476944,1.13703e-10
0.0477222,1.89756e-10
0.04775,3.14738e-10
0.0477778,5.18819e-10
0.0478056,8.49977e-10
0.0478333,1.38394e-09
0.0478611,2.23948e-09
0.0478889,3.60162e-09
0.0479167,5.75665e-09
0.0479444,9.14452e-09
0.0479722,1.44368e-08
0.048,2.26519e-08
0.0480278,3.53229e-08
0.0480556,5.4743e-08
0.0480833,8.43181e-08
0.0481111,1.29072e-07
0.0481389,1.96366e-07
0.0481667,2.96907e-07
0.0481944,4.46163e-07
0.0482222,6.66326e-07
0.04825,9.8901e-07
0.0482778,1.45893e-06
0.0483056,2.13889e-06
0.0483333,3.11647e-06
0.0483611,4.51292e-06
0.0483889,6.4949e-06
0.0484167,9.28983e-06
0.0484444,1.32057e-05
0.0484722,1.86568e-05
0.0485,2.61959e-05
0.0485278,3.65552e-05
0.0485556,5.06973e-05
0.0485833,6.9878e-05
0.0486111,9.57231e-05
0.0486389,0.000130321
0.0486667,0.000176331
0.0486944,0.000237119
0.0487222,0.0003169
0.04875,0.000420919
0.0487778,0.000555643
0.0488056,0.000728975
0.0488333,0.000950495
0.0488611,0.00123171
0.0488889,0.0015863
0.0489167,0.0020304
0.0489444,0.00258285
0.0489722,0.0032654
0.049,0.00410294
0.0490278,0.00512357
0.0490556,0.00635873
0.0490833,0.00784311
0.0491111,0.0096145
0.0491389,0.0117134
0.0491667,0.0141828
0.0491944,0.0170672
0.0492222,0.0204117
0.04925,0.0242615
0.0492778,0.02866
0.0493056,0.0336477
0.0493333,0.0392604
0.0493611,0.0455274
0.0493889,0.0524701
0.0494167,0.0600995
0.0494444,0.0684147
0.0494722,0.0774014
0.0495,0.0870298
0.0495278,0.0972539
0.0495556,0.108011
0.0495833,0.119219
0.0496111,0.130781
0.0496389,0.142582
0.0496667,0.154491
0.0496944,0.166365
0.0497222,0.17805
0.04975,0.189383
0.0497778,0.200199
0.0498056,0.21033
0.0498333,0.219614
0.0498611,0.227898
0.0498889,0.235039
0.0499167,0.240913
0.0499444,0.245414
0.0499722,0.248462
0.05,0.25
0.0500278,0.25
0.0500556,0.248462
0.0500833,0.245414
0.0501111,0.240913
0.0501389,0.235039
0.0501667,0.227898
0.0501944,0.219614
0.0502222,0.21033
0.05025,0.200199
0.0502778,0.189383
0.0503056,0.17805
0.0503333,0.166365
0.0503611,0.154491
0.0503889,0.142582
0.0504167,0.130781
0.0504444,0.119219
0.0504722,0.108011
0.0505,0.0972539
0.0505278,0.0870298
0.0505556,0.0774014
0.0505833,0.0684147
0.0506111,0.0600995
0.0506389,0.0524701
0.0506667,0.0455274
0.0506944,0.0392604
0.0507222,0.0336477
0.05075,0.02866
0.0507778,0.0242615
0.0508056,0.0204117
0.0508333,0.0170672
0.0508611,0.0141828
0.0508889,0.0117134
0.0509167,0.0096145
0.0509444,0.00784311
0.0509722,0.00635873
0.051,0.00512357
0.0510278,0.00410294
0.0510556,0.0032654
0.0510833,0.00258285
0.0511111,0.0020304
0.0511389,0.0015863
0.0511667,0.00123171
0.0511944,0.000950495
0.0512222,0.000728975
0.05125,0.000555643
0.0512778,0.000420919
0.0513056,0.0003169
0.0513333,0.000237119
0.0513611,0.000176331
0.0513889,0.000130321
0.0514167,9.57231e-05
0.0514444,6.9878e-05
0.0514722,5.06973e-05
0.0515,3.65552e-05
0.0515278,2.61959e-05
0.0515556,1.86568e-05
0.0515833,1.32057e-05
0.0516111,9.28983e-06
0.0516389,6.4949e-06
0.0516667,4.51292e-06
0.0516944,3.11647e-06
0.0517222,2.13889e-06
0.05175,1.45893e-06
0.0517778,9.8901e-07
0.0518056,6.66326e-07
0.0518333,4.46163e-07
0.0518611,2.96907e-07
0.0518889,1.96366e-07
0.0519167,1.29072e-07
0.0519444,8.43181e-08
0.0519722,5.4743e-08
0.052,3.53229e-08
0.0520278,2.26519e-08
0.0520556,1.44368e-08
0.0520833,9.14452e-09
0.0521111,5.75665e-09
0.0521389,3.60162e-09
0.0521667,2.23948e-09
0.0521944,1.38394e-09
0.0522222,8.49978e-10
0.05225,5.1882e-10
0.0522778,3.14738e-10
0.0523056,1.89756e-10
0.0523333,1.13704e-10
0.0523611,6.77104e-11
0.0523889,4.00764e-11
0.0524167,2.35717e-11
0.0524444,1.37817e-11
0.0524722,8.00551e-12
0.0525,4.6245e-12
0.0525278,2.65224e-12
0.0525556,1.51459e-12
0.0525833,8.56926e-13
0.0526111,4.8464e-13
0.0526389,2.69784e-13
0.0526667,1.52017e-13
0.0526944,8.25728e-14
0.0527222,4.72677e-14
0.05275,2.43416e-14
0.0527778,1.50713e-14
0.0528056,6.63358e-15
0.0528333,5.41234e-15
0.0528611,1.41553e-15
0.0528889,2.47025e-15
0.0529167,-8.32667e-17
0.0529444,1.66533e-15
0.0529722,-5.55112e-16
0.053,1.47105e-15
0.0530278,-6.66134e-16
0.0530556,1.36002e-15
0.0530833,-6.66134e-16
0.0531111,1.38778e-15
0.0531389,-6.93889e-16
0.0531667,1.30451e-15
0.0531944,-7.21645e-16
0.0532222,1.30451e-15
0.05325,-7.49401e-16
0.0532778,1.30451e-15
0.0533056,-7.49401e-16
0.0533333,1.30451e-15
0.0533611,-6.93889e-16
0.0533889,1.36002e-15
0.0534167,-6.93889e-16
0.0534444,1.41553e-15
0.0534722,-7.21645e-16
0.0535,1.36002e-15
0.0535278,-7.49401e-16
0.0535556,1.44329e-15
0.0535833,-7.77156e-16
0.0536111,1.44329e-15
0.0536389,-8.32667e-16
0.0536667,1.41553e-15
0.0536944,-8.32667e-16
0.0537222,1.38778e-15
0.05375,-8.32667e-16
0.0537778,1.38778e-15
0.0538056,-8.60423e-16
0.0538333,1.38778e-15
0.0538611,-8.88178e-16
0.0538889,1.38778e-15
0.0539167,-8.32667e-16
0.0539444,1.38778e-15
0.0539722,-8.32667e-16
0.054,1.38778e-15
0.0540278,-8.32667e-16
0.0540556,1.38778e-15
0.0540833,-8.60423e-16
0.0541111,1.38778e-15
0.0541389,-8.60423e-16
0.0541667,1.38778e-15
0.0541944,-8.88178e-16
0.0542222,1.38778e-15
0.05425,-8.88178e-16
0.0542778,1.38778e-15
0.0543056,-8.88178e-16
0.0543333,1.38778e-15
0.0543611,-8.88178e-16
0.0543889,1.38778e-15
0.0544167,-8.88178e-16
0.0544444,1.38778e-15
0.0544722,-8.60423e-16
0.0545,1.38778e-15
0.0545278,-8.60423e-16
0.0545556,1.38778e-15
0.0545833,-8.60423e-16
0.0546111,1.38778e-15
0.0546389,-8.60423e-16
0.0546667,1.38778e-15
0.0546944,-8.60423e-16
0.0547222,1.38778e-15
0.05475,-8.60423e-16
0.0547778,1.38778e-15
0.0548056,-8.60423e-16
0.0548333,1.38778e-15
0.0548611,-8.60423e-16
0.0548889,1.38778e-15
0.0549167,-8.60423e-16
0.0549444,1.38778e-15
0.0549722,-8.60423e-16
0.055,1.38778e-15
0.0550278,-8.60423e-16
0.0550556,1.38778e-15
0.0550833,-8.60423e-16
0.0551111,1.38778e-15
0.0551389,-8.60423e-16
0.0551667,1.38778e-15
0.0551944,-8.60423e-16
0.0552222,1.38778e-15
0.05525,-8.60423e-16
0.0552778,1.38778e-15
0.0553056,-9.15934e-16
0.0553333,1.33227e-15
0.0553611,-9.4369e-16
0.0553889,1.22125e-15
0.0554167,-1.16573e-15
0.0554444,7.77156e-16
0.0554722,-1.97065e-15
0.0555,-7.21645e-16
0.0555278,-4.82947e-15
0.0555556,-5.93969e-15
0.0555833,-1.44051e-14
0.0556111,-2.35922e-14
0.0556389,-4.66571e-14
0.0556667,-8.18789e-14
0.0556944,-1.51407e-13
0.0557222,-2.69229e-13
0.05575,-4.84085e-13
0.0557778,-8.56426e-13
0.0558056,-1.51398e-12
0.0558333,-2.65171e-12
0.0558611,-4.62388e-12
0.0558889,-8.00504e-12
0.0559167,-1.37811e-11
0.0559444,-2.35713e-11
0.0559722,-4.00757e-11
0.056,-6.77101e-11
0.0560278,-1.13703e-10
0.0560556,-1.89756e-10
0.0560833,-3.14738e-10
0.0561111,-5.18819e-10
0.0561389,-8.49977e-10
0.0561667,-1.38394e-09
0.0561944,-2.23948e-09
0.0562222,-3.60162e-09
0.05625,-5.75665e-09
0.0562778,-9.14452e-09
0.0563056,-1.44368e-08
0.0563333,-2.26519e-08
0.0563611,-3.53229e-08
0.0563889,-5.4743e-08
0.0564167,-8.43181e-08
0.0564444,-1.29072e-07
0.0564722,-1.96366e-07
0.0565,-2.96907e-07
0.0565278,-4.46163e-07
0.0565556,-6.66326e-07
0.0565833,-9.8901e-07
0.0566111,-1.45893e-06
0.0566389,-2.13889e-06
0.0566667,-3.11647e-06
0.0566944,-4.51292e-06
0.0567222,-6.4949e-06
0.05675,-9.28983e-06
0.0567778,-1.32057e-05
0.0568056,-1.86568e-05
0.0568333,-2.61959e-05
0.0568611,-3.65552e-05
0.0568889,-5.06973e-05
0.0569167,-6.9878e-05
0.0569444,-9.57231e-05
0.0569722,-0.000130321
0.057,-0.000176331
0.0570278,-0.000237119
0.0570556,-0.0003169
0.0570833,-0.000420919
0.0571111,-0.000555643
0.0571389,-0.000728975
0.0571667,-0.000950495
0.0571944,-0.00123171
0.0572222,-0.0015863
0.05725,-0.0020304
0.0572778,-0.00258285
0.0573056,-0.0032654
0.0573333,-0.00410294
0.0573611,-0.00512357
0.0573889,-0.00635873
0.0574167,-0.00784311
0.0574444,-0.0096145
0.0574722,-0.0117134
0.0575,-0.0141828
0.0575278,-0.0170672
0.0575556,-0.0204117
0.0575833,-0.0242615
0.0576111,-0.02866
0.0576389,-0.0336477
0.0576667,-0.0392604
0.0576944,-0.0455274
0.0577222,-0.0524701
0.05775,-0.0600995
0.0577778,-0.0684147
0.0578056,-0.0774014
0.0578333,-0.0870298
0.0578611,-0.0972539
0.0578889,-0.108011
0.0579167,-0.119219
0.0579444,-0.130781
0.0579722,-0.142582
0.058,-0.154491
0.0580278,-0.166365
0.0580556,-0.17805
0.0580833,-0.189383
0.0581111,-0.200199
0.0581389,-0.21033
0.0581667,-0.219614
0.0581944,-0.227898
0.0582222,-0.235039
0.05825,-0.240913
0.0582778,-0.245414
0.0583056,-0.248462
0.0583333,-0.25
0.0583611,-0.25
0.0583889,-0.248462
0.0584167,-0.245414
0.0584444,-0.240913
0.0584722,-0.235039
0.0585,-0.227898
0.0585278,-0.219614
0.0585556,-0.21033
0.0585833,-0.200199
0.0586111,-0.189383
0.0586389,-0.17805
0.0586667,-0.166365
0.0586944,-0.154491
0.0587222,-0.142582
0.05875,-0.130781
0.0587778,-0.119219
0.0588056,-0.108011
0.0588333,-0.0972539
0.0588611,-0.0870298
0.0588889,-0.0774014
0.0589167,-0.0684147
0.0589444,-0.0600995
0.0589722,-0.0524701
0.059,-0.0455274
0.0590278,-0.0392604
0.0590556,-0.0336477
0.0590833,-0.02866
0.0591111,-0.0242615
0.0591389,-0.0204117
0.0591667,-0.0170672
0.0591944,-0.0141828
0.0592222,-0.0117134
0.05925,-0.0096145
0.0592778,-0.00784311
0.0593056,-0.00635873
0.0593333,-0.00512357
0.0593611,-0.00410294
0.0593889,-0.0032654
0.0594167,-0.00258285
0.0594444,-0.0020304
0.0594722,-0.0015863
0.0595,-0.00123171
0.0595278,-0.000950495
0.0595556,-0.000728975
0.0595833,-0.000555643
0.0596111,-0.000420919
0.0596389,-0.0003169
0.0596667,-0.000237119
0.0596944,-0.000176331
0.0597222,-0.000130321
0.05975,-9.57231e-05
0.0597778,-6.9878e-05
0.0598056,-5.06973e-05
0.0598333,-3.65552e-05
0.0598611,-2.61959e-05
0.0598889,-1.86568e-05
0.0599167,-1.32057e-05
0.0599444,-9.28983e-06
0.0599722,-6.4949e-06
0.06,-4.51292e-06
0.0600278,-3.11647e-06
0.0600556,-2.13889e-06
0.0600833,-1.45893e-06
0.0601111,-9.8901e-07
0.0601389,-6.66326e-07
0.0601667,-4.46163e-07
0.0601944,-2.96907e-07
0.0602222,-1.96366e-07
0.06025,-1.29072e-07
0.0602778,-8.43181e-08
0.0603056,-5.4743e-08
0.0603333,-3.53229e-08
0.0603611,-2.26519e-08
0.0603889,-1.44368e-08
0.0604167,-9.14451e-09
0.0604444,-5.75665e-09
0.0604722,-3.60162e-09
0.0605,-2.23948e-09
0.0605278,-1.38394e-09
0.0605556,-8.49978e-10
0.0605833,-5.18819e-10
0.0606111,-3.14738e-10
0.0606389,-1.89756e-10
0.0606667,-1.13704e-10
0.0606944,-6.77097e-11
0.0607222,-4.00765e-11
0.06075,-2.3571e-11
0.0607778,-1.37819e-11
0.0608056,-8.00479e-12
0.0608333,-4.62466e-12
0.0608611,-2.65152e-12
0.0608889,-1.51476e-12
0.0609167,-8.56204e-13
0.0609444,-4.84807e-13
0.0609722,-2.69063e-13
0.061,-1.52184e-13
0.0610278,-8.18512e-14
0.0610556,-4.74343e-14
0.0610833,-2.362e-14
0.0611111,-1.52378e-14
0.0611389,-5.91194e-15
0.0611667,-5.57887e-15
0.0611944,-6.93889e-16
0.0612222,-2.63678e-15
0.06125,8.04912e-16
0.0612778,-1.83187e-15
0.0613056,1.27676e-15
0.0613333,-1.63758e-15
0.0613611,1.38778e-15
0.0613889,-1.52656e-15
0.0614167,1.38778e-15
0.0614444,-1.55431e-15
0.0614722,1.41553e-15
0.0615,-1.47105e-15
0.0615278,1.44329e-15
0.0615556,-1.47105e-15
0.0615833,1.47105e-15
0.0616111,-1.47105e-15
0.0616389,1.47105e-15
0.0616667,-1.47105e-15
0.0616944,1.41553e-15
0.0617222,-1.52656e-15
0.06175,1.41553e-15
0.0617778,-1.58207e-15
0.0618056,1.44329e-15
0.0618333,-1.52656e-15
0.0618611,1.47105e-15
0.0618889,-1.60982e-15
0.0619167,1.4988e-15
0.0619444,-1.60982e-15
0.0619722,1.55431e-15
0.062,-1.58207e-15
0.0620278,1.55431e-15
0.0620556,-1.55431e-15
0.0620833,1.55431e-15
0.0621111,-1.55431e-15
0.0621389,1.58207e-15
0.0621667,-1.55431e-15
0.0621944,1.60982e-15
0.0622222,-1.55431e-15
0.06225,1.55431e-15
0.0622778,-1.55431e-15
0.0623056,1.55431e-15
0.0623333,-1.55431e-15
0.0623611,1.55431e-15
0.0623889,-1.55431e-15
0.0624167,1.58207e-15
0.0624444,-1.55431e-15
0.0624722,1.58207e-15
0.0625,-1.55431e-15
0.0625278,1.60982e-15
0.0625556,-1.55431e-15
0.0625833,1.60982e-15
0.0626111,-1.55431e-15
0.0626389,1.60982e-15
0.0626667,-1.55431e-15
0.0626944,1.60982e-15
0.0627222,-1.55431e-15
0.06275,1.60982e-15
0.0627778,-1.55431e-15
0.0628056,1.58207e-15
0.0628333,-1.55431e-15
0.0628611,1.58207e-15
0.0628889,-1.55431e-15
0.0629167,1.58207e-15
0.0629444,-1.55431e-15
0.0629722,1.58207e-15
0.063,-1.55431e-15
0.0630278,1.58207e-15
0.0630556,-1.55431e-15
0.0630833,1.58207e-15
0.0631111,-1.55431e-15
0.0631389,1.58207e-15
0.0631667,-1.55431e-15
0.0631944,1.58207e-15
0.0632222,-1.55431e-15
0.06325,1.58207e-15
0.0632778,-1.55431e-15
0.0633056,1.58207e-15
0.0633333,-1.55431e-15
0.0633611,1.58207e-15
0.0633889,-1.55431e-15
0.0634167,1.58207e-15
0.0634444,-1.55431e-15
0.0634722,1.58207e-15
0.0635,-1.55431e-15
0.0635278,1.58207e-15
0.0635556,-1.55431e-15
0.0635833,1.58207e-15
0.0636111,-1.55431e-15
0.0636389,1.63758e-15
0.0636667,-1.4988e-15
0.0636944,1.66533e-15
0.0637222,-1.38778e-15
0.06375,1.88738e-15
0.0637778,-9.4369e-16
0.0638056,2.69229e-15
0.0638333,5.55112e-16
0.0638611,5.55112e-15
0.0638889,5.77316e-15
0.0639167,1.51268e-14
0.0639444,2.34257e-14
0.0639722,4.73788e-14
0.064,8.17124e-14
0.0640278,1.52128e-13
0.0640556,2.69063e-13
0.0640833,4.84807e-13
0.0641111,8.5626e-13
0.0641389,1.51471e-12
0.0641667,2.65155e-12
0.0641944,4.62461e-12
0.0642222,8.00487e-12
0.06425,1.37818e-11
0.0642778,2.35711e-11
0.0643056,4.00765e-11
0.0643333,6.77099e-11
0.0643611,1.13704e-10
0.0643889,1.89756e-10
0.0644167,3.14738e-10
0.0644444,5.18819e-10
0.0644722,8.49978e-10
0.0645,1.38394e-09
0.0645278,2.23948e-09
0.0645556,3.60162e-09
0.0645833,5.75665e-09
0.0646111,9.14452e-09
0.0646389,1.44368e-08
0.0646667,2.26519e-08
0.0646944,3.53229e-08
0.0647222,5.4743e-08
0.06475,8.43181e-08
0.0647778,1.29072e-07
0.0648056,1.96366e-07
0.0648333,2.96907e-07
0.0648611,4.46163e-07
0.0648889,6.66326e-07
0.0649167,9.8901e-07
0.0649444,1.45893e-06
0.0649722,2.13889e-06
0.065,3.11647e-06
0.0650278,4.51292e-06
0.0650556,6.4949e-06
0.0650833,9.28983e-06
0.0651111,1.32057e-05
0.0651389,1.86568e-05
0.0651667,2.61959e-05
0.0651944,3.65552e-05
0.0652222,5.06973e-05
0.06525,6.9878e-05
0.0652778,9.57231e-05
0.0653056,0.000130321
0.0653333,0.000176331
0.0653611,0.000237119
0.0653889,0.0003169
0.0654167,0.000420919
0.0654444,0.000555643
0.0654722,0.000728975
0.0655,0.000950495
0.0655278,0.00123171
0.0655556,0.0015863
0.0655833,0.0020304
0.0656111,0.00258285
0.0656389,0.0032654
0.0656667,0.00410294
0.0656944,0.00512357
0.0657222,0.00635873
0.06575,0.00784311
0.0657778,0.0096145
0.0658056,0.0117134
0.0658333,0.0141828
0.0658611,0.0170672
0.0658889,0.0204117
0.0659167,0.0242615
0.0659444,0.02866
0.0659722,0.0336477
0.066,0.0392604
0.0660278,0.0455274
0.0660556,0.0524701
0.0660833,0.0600995
0.0661111,0.0684147
0.0661389,0.0774014
0.0661667,0.0870298
0.0661944,0.0972539
0.0662222,0.108011
0.06625,0.119219
0.0662778,0.130781
0.0663056,0.142582
0.0663333,0.154491
0.0663611,0.166365
0.0663889,0.17805
0.0664167,0.189383
0.0664444,0.200199
0.0664722,0.21033
0.0665,0.219614
0.0665278,0.227898
0.0665556,0.235039
0.0665833,0.240913
0.0666111,0.245414
0.0666389,0.248462
0.0666667,0.25
0.0666944,0.25
0.0667222,0.248462
0.06675,0.245414
0.0667778,0.240913
0.0668056,0.235039
0.0668333,0.227898
0.0668611,0.219614
0.0668889,0.21033
0.0669167,0.200199
0.0669444,0.189383
0.0669722,0.17805
0.067,0.166365
0.0670278,0.154491
0.0670556,0.142582
0.0670833,0.130781
0.0671111,0.119219
0.0671389,0.108011
0.0671667,0.0972539
0.0671944,0.0870298
0.0672222,0.0774014
0.06725,0.0684147
0.0672778,0.0600995
0.0673056,0.0524701
0.0673333,0.0455274
0.0673611,0.0392604
0.0673889,0.0336477
0.0674167,0.02866
0.0674444,0.0242615
0.0674722,0.0204117
0.0675,0.0170672
0.0675278,0.0141828
0.0675556,0.0117134
0.0675833,0.0096145
0.0676111,0.00784311
0.0676389,0.00635873
0.0676667,0.00512357
0.0676944,0.00410294
0.0677222,0.0032654
0.06775,0.00258285
0.0677778,0.0020304
0.0678056,0.0015863
0.0678333,0.00123171
0.0678611,0.000950495
0.0678889,0.000728975
0.0679167,0.000555643
0.0679444,0.000420919
0.0679722,0.0003169
0.068,0.000237119
0.0680278,0.000176331
0.0680556,0.000130321
0.0680833,9.57231e-05
0.0681111,6.9878e-05
0.0681389,5.06973e-05
0.0681667,3.65552e-05
0.0681944,2.61959e-05
0.0682222,1.86568e-05
0.06825,1.32057e-05
0.0682778,9.28983e-06
0.0683056,6.4949e-06
0.0683333,4.51292e-06
0.0683611,3.11647e-06
0.0683889,2.13889e-06
0.0684167,1.45893e-06
0.0684444,9.8901e-07
0.0684722,6.66326e-07
0.0685,4.46163e-07
0.0685278,2.96907e-07
0.0685556,1.96366e-07
0.0685833,1.29072e-07
0.0686111,8.43181e-08
0.0686389,5.4743e-08
0.0686667,3.53229e-08
0.0686944,2.26519e-08
0.0687222,1.44368e-08
0.06875,9.14452e-09
0.0687778,5.75665e-09
0.0688056,3.60162e-09
0.0688333,2.23948e-09
0.0688611,1.38394e-09
0.0688889,8.49978e-10
0.0689167,5.18819e-10
0.0689444,3.14738e-10
0.0689722,1.89756e-10
0.069,1.13704e-10
0.0690278,6.771e-11
0.0690556,4.00765e-11
0.0690833,2.35713e-11
0.0691111,1.37819e-11
0.0691389,8.0051e-12
0.0691667,4.62463e-12
0.0691944,2.65182e-12
0.0692222,1.51473e-12
0.06925,8.56509e-13
0.0692778,4.84779e-13
0.0693056,2.69368e-13
0.0693333,1.52156e-13
0.0693611,8.21565e-14
0.0693889,4.74065e-14
0.0694167,2.39253e-14
0.0694444,1.52101e-14
0.0694722,6.21725e-15
0.0695,5.55112e-15
0.0695278,9.99201e-16
0.0695556,2.60902e-15
0.0695833,-4.996e-16
0.0696111,1.80411e-15
0.0696389,-9.71445e-16
0.0696667,1.60982e-15
0.0696944,-1.08247e-15
0.0697222,1.4988e-15
0.06975,-1.08247e-15
0.0697778,1.52656e-15
0.0698056,-1.11022e-15
0.0698333,1.44329e-15
0.0698611,-1.13798e-15
0.0698889,1.44329e-15
0.0699167,-1.16573e-15
0.0699444,1.44329e-15
0.0699722,-1.16573e-15
0.07,1.44329e-15
0.0700278,-1.11022e-15
0.0700556,1.4988e-15
0.0700833,-1.11022e-15
0.0701111,1.55431e-15
0.0701389,-1.13798e-15
0.0701667,1.4988e-15
0.0701944,-1.16573e-15
0.0702222,1.58207e-15
0.07025,-1.19349e-15
0.0702778,1.58207e-15
0.0703056,-1.249e-15
0.0703333,1.55431e-15
0.0703611,-1.249e-15
0.0703889,1.52656e-15
0.0704167,-1.249e-15
0.0704444,1.52656e-15
0.0704722,-1.27676e-15
0.0705,1.52656e-15
0.0705278,-1.30451e-15
0.0705556,1.52656e-15
0.0705833,-1.249e-15
0.0706111,1.52656e-15
0.0706389,-1.249e-15
0.0706667,1.52656e-15
0.0706944,-1.249e-15
0.0707222,1.52656e-15
0.07075,-1.27676e-15
0.0707778,1.52656e-15
0.0708056,-1.27676e-15
0.0708333,1.52656e-15
0.0708611,-1.30451e-15
0.0708889,1.52656e-15
0.0709167,-1.30451e-15
0.0709444,1.52656e-15
0.0709722,-1.30451e-15
0.071,1.52656e-15
0.0710278,-1.30451e-15
0.0710556,1.52656e-15
0.0710833,-1.30451e-15
0.0711111,1.52656e-15
0.0711389,-1.27676e-15
0.0711667,1.52656e-15
0.0711944,-1.27676e-15
0.0712222,1.52656e-15
0.07125,-1.27676e-15
0.0712778,1.52656e-15
0.0713056,-1.27676e-15
0.0713333,1.52656e-15
0.0713611,-1.27676e-15
0.0713889,1.52656e-15
0.0714167,-1.27676e-15
0.0714444,1.52656e-15
0.0714722,-1.27676e-15
0.0715,1.52656e-15
0.0715278,-1.27676e-15
0.0715556,1.52656e-15
0.0715833,-1.27676e-15
0.0716111,1.52656e-15
0.0716389,-1.27676e-15
0.0716667,1.52656e-15
0.0716944,-1.27676e-15
0.0717222,1.52656e-15
0.07175,-1.27676e-15
0.0717778,1.52656e-15
0.0718056,-1.27676e-15
0.0718333,1.52656e-15
0.0718611,-1.27676e-15
0.0718889,1.52656e-15
0.0719167,-1.27676e-15
0.0719444,1.52656e-15
0.0719722,-1.33227e-15
0.072,1.47105e-15
0.0720278,-1.36002e-15
0.0720556,1.36002e-15
0.0720833,-1.58207e-15
0.0721111,9.15934e-16
0.0721389,-2.38698e-15
0.0721667,-5.82867e-16
0.0721944,-5.2458e-15
0.0722222,-5.80092e-15
0.07225,-1.48215e-14
0.0722778,-2.34535e-14
0.0723056,-4.70735e-14
0.0723333,-8.17402e-14
0.0723611,-1.51823e-13
0.0723889,-2.6909e-13
0.0724167,-4.84501e-13
0.0724444,-8.56287e-13
0.0724722,-1.5144e-12
0.0725,-2.65157e-12
0.0725278,-4.6243e-12
0.0725556,-8.0049e-12
0.0725833,-1.37815e-11
0.0726111,-2.35711e-11
0.0726389,-4.00762e-11
0.0726667,-6.77099e-11
0.0726944,-1.13704e-10
0.0727222,-1.89756e-10
0.07275,-3.14738e-10
0.0727778,-5.18819e-10
0.0728056,-8.49978e-10
0.0728333,-1.38394e-09
0.0728611,-2.23948e-09
0.0728889,-3.60162e-09
0.0729167,-5.75665e-09
0.0729444,-9.14452e-09
0.0729722,-1.44368e-08
0.073,-2.26519e-08
0.0730278,-3.53229e-08
0.0730556,-5.4743e-08
0.0730833,-8.43181e-08
0.0731111,-1.29072e-07
0.0731389,-1.96366e-07
0.0731667,-2.96907e-07
0.0731944,-4.46163e-07
0.0732222,-6.66326e-07
0.07325,-9.8901e-07
0.0732778,-1.45893e-06
0.0733056,-2.13889e-06
0.0733333,-3.11647e-06
0.0733611,-4.51292e-06
0.0733889,-6.4949e-06
0.0734167,-9.28983e-06
0.0734444,-1.32057e-05
0.0734722,-1.86568e-05
0.0735,-2.61959e-05
0.0735278,-3.65552e-05
0.0735556,-5.06973e-05
0.0735833,-6.9878e-05
0.0736111,-9.57231e-05
0.0736389,-0.000130321
0.0736667,-0.000176331
0.0736944,-0.000237119
0.0737222,-0.0003169
0.07375,-0.000420919
0.0737778,-0.000555643
0.0738056,-0.000728975
0.0738333,-0.000950495
0.0738611,-0.00123171
0.0738889,-0.0015863
0.0739167,-0.0020304
0.0739444,-0.00258285
0.0739722,-0.0032654
0.074,-0.00410294
0.0740278,-0.00512357
0.0740556,-0.00635873
0.0740833,-0.00784311
0.0741111,-0.0096145
0.0741389,-0.0117134
0.0741667,-0.0141828
0.0741944,-0.0170672
0.0742222,-0.0204117
0.07425,-0.0242615
0.0742778,-0.02866
0.0743056,-0.0336477
0.0743333,-0.0392604
0.0743611,-0.0455274
0.0743889,-0.0524701
0.0744167,-0.0600995
0.0744444,-0.0684147
0.0744722,-0.0774014
0.0745,-0.0870298
0.0745278,-0.0972539
0.0745556,-0.108011
0.0745833,-0.119219
0.0746111,-0.130781
0.0746389,-0.142582
0.0746667,-0.154491
0.0746944,-0.166365
0.0747222,-0.17805
0.07475,-0.189383
0.0747778,-0.200199
0.0748056,-0.21033
0.0748333,-0.219614
0.0748611,-0.227898
0.0748889,-0.235039
0.0749167,-0.240913
0.0749444,-0.245414
0.0749722,-0.248462
0.075,-0.25
0.0750278,-0.25
0.0750556,-0.248462
0.0750833,-0.245414
0.0751111,-0.240913
0.0751389,-0.235039
0.0751667,-0.227898
0.0751944,-0.219614
0.0752222,-0.21033
0.07525,-0.200199
0.0752778,-0.189383
0.0753056,-0.17805
0.0753333,-0.166365
0.0753611,-0.154491
0.0753889,-0.142582
0.0754167,-0.130781
0.0754444,-0.119219
0.0754722,-0.108011
0.0755,-0.0972539
0.0755278,-0.0870298
0.0755556,-0.0774014
0.0755833,-0.0684147
0.0756111,-0.0600995
0.0756389,-0.0524701
0.0756667,-0.0455274
0.0756944,-0.0392604
0.0757222,-0.0336477
0.07575,-0.02866
0.0757778,-0.0242615
0.0758056,-0.0204117
0.0758333,-0.0170672
0.0758611,-0.0141828
0.0758889,-0.0117134
0.0759167,-0.0096145
0.0759444,-0.00784311
0.0759722,-0.00635873
0.076,-0.00512357
0.0760278,-0.00410294
0.0760556,-0.0032654
0.0760833,-0.00258285
0.0761111,-0.0020304
0.0761389,-0.0015863
0.0761667,-0.00123171
0.0761944,-0.000950495
0.0762222,-0.000728975
0.07625,-0.000555643
0.0762778,-0.000420919
0.0763056,-0.0003169
0.0763333,-0.000237119
0.0763611,-0.000176331
0.0763889,-0.000130321
0.0764167,-9.57231e-05
0.0764444,-6.9878e-05
0.0764722,-5.06973e-05
0.0765,-3.65552e-05
0.0765278,-2.61959e-05
0.0765556,-1.86568e-05
0.0765833,-1.32057e-05
0.0766111,-9.28983e-06
0.0766389,-6.4949e-06
0.0766667,-4.51292e-06
0.0766944,-3.11647e-06
0.0767222,-2.13889e-06
0.07675,-1.45893e-06
0.0767778,-9.8901e-07
0.0768056,-6.66326e-07
0.0768333,-4.46163e-07
0.0768611,-2.96907e-07
0.0768889,-1.96366e-07
0.0769167,-1.29072e-07
0.0769444,-8.43181e-08
0.0769722,-5.4743e-08
0.077,-3.53229e-08
0.0770278,-2.26519e-08
0.0770556,-1.44368e-08
0.0770833,-9.14452e-09
0.0771111,-5.75665e-09
0.0771389,-3.60162e-09
0.0771667,-2.23948e-09
0.0771944,-1.38394e-09
0.0772222,-8.49978e-10
0.07725,-5.18821e-10
0.0772778,-3.14738e-10
0.0773056,-1.89757e-10
0.0773333,-1.13704e-10
0.0773611,-6.77114e-11
0.0773889,-4.00765e-11
0.0774167,-2.35726e-11
0.0774444,-1.37819e-11
0.0774722,-8.00643e-12
0.0775,-4.62466e-12
0.0775278,-2.65316e-12
0.0775556,-1.51476e-12
0.0775833,-8.57842e-13
0.0776111,-4.84807e-13
0.0776389,-2.707e-13
0.0776667,-1.52184e-13
0.0776944,-8.34888e-14
0.0777222,-4.74343e-14
0.07775,-2.52576e-14
0.0777778,-1.52378e-14
0.0778056,-7.54952e-15
0.0778333,-5.57887e-15
0.0778611,-2.33147e-15
0.0778889,-2.63678e-15
0.0779167,-8.32667e-16
0.0779444,-1.83187e-15
0.0779722,-3.60822e-16
0.078,-1.63758e-15
0.0780278,-2.498e-16
0.0780556,-1.52656e-15
0.0780833,-2.498e-16
0.0781111,-1.55431e-15
0.0781389,-2.22045e-16
0.0781667,-1.47105e-15
0.0781944,-1.94289e-16
0.0782222,-1.47105e-15
0.07825,-1.66533e-16
0.0782778,-1.47105e-15
0.0783056,-1.66533e-16
0.0783333,-1.47105e-15
0.0783611,-2.22045e-16
0.0783889,-1.52656e-15
0.0784167,-2.22045e-16
0.0784444,-1.58207e-15
0.0784722,-1.94289e-16
0.0785,-1.52656e-15
0.0785278,-1.66533e-16
0.0785556,-1.60982e-15
0.0785833,-1.38778e-16
0.0786111,-1.60982e-15
0.0786389,-8.32667e-17
0.0786667,-1.58207e-15
0.0786944,-8.32667e-17
0.0787222,-1.55431e-15
0.07875,-8.32667e-17
0.0787778,-1.55431e-15
0.0788056,-5.55112e-17
0.0788333,-1.55431e-15
0.0788611,-2.77556e-17
0.0788889,-1.55431e-15
0.0789167,-8.32667e-17
0.0789444,-1.55431e-15
0.0789722,-8.32667e-17
0.079,-1.55431e-15
0.0790278,-8.32667e-17
0.0790556,-1.55431e-15
0.0790833,-5.55112e-17
0.0791111,-1.55431e-15
0.0791389,-5.55112e-17
0.0791667,-1.55431e-15
0.0791944,-2.77556e-17
0.0792222,-1.55431e-15
0.07925,-2.77556e-17
0.0792778,-1.55431e-15
0.0793056,-2.77556e-17
0.0793333,-1.55431e-15
0.0793611,-2.77556e-17
0.0793889,-1.55431e-15
0.0794167,-2.77556e-17
0.0794444,-1.55431e-15
0.0794722,-5.55112e-17
0.0795,-1.55431e-15
0.0795278,-5.55112e-17
0.0795556,-1.55431e-15
0.0795833,-5.55112e-17
0.0796111,-1.55431e-15
0.0796389,-5.55112e-17
0.0796667,-1.55431e-15
0.0796944,-5.55112e-17
0.0797222,-1.55431e-15
0.07975,-5.55112e-17
0.0797778,-1.55431e-15
0.0798056,-5.55112e-17
0.0798333,-1.55431e-15
0.0798611,-5.55112e-17
0.0798889,-1.55431e-15
0.0799167,-5.55112e-17
0.0799444,-1.55431e-15
0.0799722,-5.55112e-17
0.08,-1.55431e-15
0.0800278,-5.55112e-17
0.0800556,-1.55431e-15
0.0800833,-5.55112e-17
0.0801111,-1.55431e-15
0.0801389,-5.55112e-17
0.0801667,-1.55431e-15
0.0801944,-5.55112e-17
0.0802222,-1.55431e-15
0.08025,-5.55112e-17
0.0802778,-1.55431e-15
0.0803056,0
0.0803333,-1.4988e-15
0.0803611,2.77556e-17
0.0803889,-1.38778e-15
0.0804167,2.498e-16
0.0804444,-9.4369e-16
0.0804722,1.05471e-15
0.0805,5.55112e-16
0.0805278,3.91354e-15
0.0805556,5.77316e-15
0.0805833,1.34892e-14
0.0806111,2.34257e-14
0.0806389,4.57412e-14
0.0806667,8.17124e-14
0.0806944,1.50491e-13
0.0807222,2.69063e-13
0.08075,4.83169e-13
0.0807778,8.5626e-13
0.0808056,1.51307e-12
0.0808333,2.65155e-12
0.0808611,4.62297e-12
0.0808889,8.00487e-12
0.0809167,1.37802e-11
0.0809444,2.35711e-11
0.0809722,4.00748e-11
0.081,6.77099e-11
0.0810278,1.13702e-10
0.0810556,1.89756e-10
0.0810833,3.14737e-10
0.0811111,5.18819e-10
0.0811389,8.49976e-10
0.0811667,1.38394e-09
0.0811944,2.23948e-09
0.0812222,3.60162e-09
0.08125,5.75664e-09
0.0812778,9.14452e-09
0.0813056,1.44368e-08
0.0813333,2.26519e-08
0.0813611,3.53229e-08
0.0813889,5.4743e-08
0.0814167,8.43181e-08
0.0814444,1.29072e-07
0.0814722,1.96366e-07
0.0815,2.96907e-07
0.0815278,4.46163e-07
0.0815556,6.66326e-07
0.0815833,9.8901e-07
0.0816111,1.45893e-06
0.0816389,2.13889e-06
0.0816667,3.11647e-06
0.0816944,4.51292e-06
0.0817222,6.4949e-06
0.08175,9.28983e-06
0.0817778,1.32057e-05
0.0818056,1.86568e-05
0.0818333,2.61959e-05
0.0818611,3.65552e-05
0.0818889,5.06973e-05
0.0819167,6.9878e-05
0.0819444,9.57231e-05
0.0819722,0.000130321
0.082,0.000176331
0.0820278,0.000237119
0.0820556,0.0003169
0.0820833,0.000420919
0.0821111,0.000555643
0.0821389,0.000728975
0.0821667,0.000950495
0.0821944,0.00123171
0.0822222,0.0015863
0.08225,0.0020304
0.0822778,0.00258285
0.0823056,0.0032654
0.0823333,0.00410294
0.0823611,0.00512357
0.0823889,0.00635873
0.0824167,0.00784311
0.0824444,0.0096145
0.0824722,0.0117134
0.0825,0.0141828
0.0825278,0.0170672
0.0825556,0.0204117
0.0825833,0.0242615
0.0826111,0.02866
0.0826389,0.0336477
0.0826667,0.0392604
0.0826944,0.0455274
0.0827222,0.0524701
0.08275,0.0600995
0.0827778,0.0684147
0.0828056,0.0774014
0.0828333,0.0870298
0.0828611,0.0972539
0.0828889,0.108011
0.0829167,0.119219
0.0829444,0.130781
0.0829722,0.142582
0.083,0.154491
0.0830278,0.166365
0.0830556,0.17805
0.0830833,0.189383
0.0831111,0.200199
0.0831389,0.21033
0.0831667,0.219614
0.0831944,0.227898
0.0832222,0.235039
0.08325,0.240913
0.0832778,0.245414
0.0833056,0.248462
0.0833333,0.25
0.0833611,0.25
0.0833889,0.248462
0.0834167,0.245414
0.0834444,0.240913
0.0834722,0.235039
0.0835,0.227898
0.0835278,0.219614
0.0835556,0.21033
0.0835833,0.200199
0.0836111,0.189383
0.0836389,0.17805
0.0836667,0.166365
0.0836944,0.154491
0.0837222,0.142582
0.08375,0.130781
0.0837778,0.119219
0.0838056,0.108011
0.0838333,0.0972539
0.0838611,0.0870298
0.0838889,0.0774014
0.0839167,0.0684147
0.0839444,0.0600995
0.0839722,0.0524701
0.084,0.0455274
0.0840278,0.0392604
0.0840556,0.0336477
0.0840833,0.02866
0.0841111,0.0242615
0.0841389,0.0204117
0.0841667,0.0170672
0.0841944,0.0141828
0.0842222,0.0117134
0.08425,0.0096145
0.0842778,0.00784311
0.0843056,0.00635873
0.0843333,0.00512357
0.0843611,0.00410294
0.0843889,0.0032654
0.0844167,0.00258285
0.0844444,0.0020304
0.0844722,0.0015863
0.0845,0.00123171
0.0845278,0.000950495
0.0845556,0.000728975
0.0845833,0.000555643
0.0846111,0.000420919
0.0846389,0.0003169
0.0846667,0.000237119
0.0846944,0.000176331
0.0847222,0.000130321
0.08475,9.57231e-05
0.0847778,6.9878e-05
0.0848056,5.06973e-05
0.0848333,3.65552e-05
0.0848611,2.61959e-05
0.0848889,1.86568e-05
0.0849167,1.32057e-05
0.0849444,9.28983e-06
0.0849722,6.4949e-06
0.085,4.51292e-06
0.0850278,3.11647e-06
0.0850556,2.13889e-06
0.0850833,1.45893e-06
0.0851111,9.8901e-07
0.0851389,6.66326e-07
0.0851667,4.46163e-07
0.0851944,2.96907e-07
0.0852222,1.96366e-07
0.08525,1.29072e-07
0.0852778,8.43181e-08
0.0853056,5.4743e-08
0.0853333,3.53229e-08
0.0853611,2.26519e-08
0.0853889,1.44368e-08
0.0854167,9.14452e-09
0.0854444,5.75665e-09
0.0854722,3.60163e-09
0.0855,2.23948e-09
0.0855278,1.38394e-09
0.0855556,8.49978e-10
0.0855833,5.18821e-10
0.0856111,3.14738e-10
0.0856389,1.89758e-10
0.0856667,1.13704e-10
0.0856944,6.77118e-11
0.0857222,4.00765e-11
0.08575,2.35731e-11
0.0857778,1.37818e-11
0.0858056,8.0069e-12
0.0858333,4.62461e-12
0.0858611,2.65363e-12
0.0858889,1.51471e-12
0.0859167,8.58313e-13
0.0859444,4.84751e-13
0.0859722,2.71172e-13
0.086,1.52128e-13
0.0860278,8.39606e-14
0.0860556,4.73788e-14
0.0860833,2.57294e-14
0.0861111,1.51823e-14
0.0861389,8.02136e-15
0.0861667,5.52336e-15
0.0861944,2.80331e-15
0.0862222,2.58127e-15
0.08625,1.30451e-15
0.0862778,1.77636e-15
0.0863056,8.32667e-16
0.0863333,1.58207e-15
0.0863611,7.21645e-16
0.0863889,1.47105e-15
0.0864167,7.21645e-16
0.0864444,1.4988e-15
0.0864722,6.93889e-16
0.0865,1.41553e-15
0.0865278,6.66134e-16
0.0865556,1.41553e-15
0.0865833,6.38378e-16
0.0866111,1.41553e-15
0.0866389,6.38378e-16
0.0866667,1.41553e-15
0.0866944,6.93889e-16
0.0867222,1.47105e-15
0.08675,6.93889e-16
0.0867778,1.52656e-15
0.0868056,6.66134e-16
0.0868333,1.47105e-15
0.0868611,6.38378e-16
0.0868889,1.55431e-15
0.0869167,6.10623e-16
0.0869444,1.55431e-15
0.0869722,5.55112e-16
0.087,1.52656e-15
0.0870278,5.55112e-16
0.0870556,1.4988e-15
0.0870833,5.55112e-16
0.0871111,1.4988e-15
0.0871389,5.27356e-16
0.0871667,1.4988e-15
0.0871944,4.996e-16
0.0872222,1.4988e-15
0.08725,5.55112e-16
0.0872778,1.4988e-15
0.0873056,5.55112e-16
0.0873333,1.4988e-15
0.0873611,5.55112e-16
0.0873889,1.4988e-15
0.0874167,5.27356e-16
0.0874444,1.4988e-15
0.0874722,5.27356e-16
0.0875,1.4988e-15
0.0875278,4.996e-16
0.0875556,1.4988e-15
0.0875833,4.996e-16
0.0876111,1.4988e-15
0.0876389,4.996e-16
0.0876667,1.4988e-15
0.0876944,4.996e-16
0.0877222,1.4988e-15
0.08775,4.996e-16
0.0877778,1.4988e-15
0.0878056,5.27356e-16
0.0878333,1.4988e-15
0.0878611,5.27356e-16
0.0878889,1.4988e-15
0.0879167,5.27356e-16
0.0879444,1.4988e-15
0.0879722,5.27356e-16
0.088,1.4988e-15
0.0880278,5.27356e-16
0.0880556,1.4988e-15
0.0880833,5.27356e-16
0.0881111,1.4988e-15
0.0881389,5.27356e-16
0.0881667,1.4988e-15
0.0881944,5.27356e-16
0.0882222,1.4988e-15
0.08825,5.27356e-16
0.0882778,1.4988e-15
0.0883056,5.27356e-16
0.0883333,1.4988e-15
0.0883611,5.27356e-16
0.0883889,1.4988e-15
0.0884167,5.27356e-16
0.0884444,1.4988e-15
0.0884722,5.27356e-16
0.0885,1.4988e-15
0.0885278,5.27356e-16
0.0885556,1.4988e-15
0.0885833,5.27356e-16
0.0886111,1.4988e-15
0.0886389,4.71845e-16
0.0886667,1.44329e-15
0.0886944,4.44089e-16
0.0887222,1.33227e-15
0.08875,2.22045e-16
0.0887778,8.88178e-16
0.0888056,-5.82867e-16
0.0888333,-6.10623e-16
0.0888611,-3.44169e-15
0.0888889,-5.82867e-15
0.0889167,-1.30174e-14
0.0889444,-2.34812e-14
0.0889722,-4.52693e-14
0.089,-8.17679e-14
0.0890278,-1.50019e-13
0.0890556,-2.69118e-13
0.0890833,-4.82697e-13
0.0891111,-8.56315e-13
0.0891389,-1.5126e-12
0.0891667,-2.6516e-12
0.0891944,-4.6225e-12
0.0892222,-8.00493e-12
0.08925,-1.37797e-11
0.0892778,-2.35711e-11
0.0893056,-4.00744e-11
0.0893333,-6.77099e-11
0.0893611,-1.13702e-10
0.0893889,-1.89756e-10
0.0894167,-3.14736e-10
0.0894444,-5.18819e-10
0.0894722,-8.49976e-10
0.0895,-1.38394e-09
0.0895278,-2.23948e-09
0.0895556,-3.60162e-09
0.0895833,-5.75664e-09
0.0896111,-9.14452e-09
0.0896389,-1.44368e-08
0.0896667,-2.26519e-08
0.0896944,-3.53229e-08
0.0897222,-5.4743e-08
0.08975,-8.43181e-08
0.0897778,-1.29072e-07
0.0898056,-1.96366e-07
0.0898333,-2.96907e-07
0.0898611,-4.46163e-07
0.0898889,-6.66326e-07
0.0899167,-9.8901e-07
0.0899444,-1.45893e-06
0.0899722,-2.13889e-06
0.09,-3.11647e-06
0.0900278,-4.51292e-06
0.0900556,-6.4949e-06
0.0900833,-9.28983e-06
0.0901111,-1.32057e-05
0.0901389,-1.86568e-05
0.0901667,-2.61959e-05
0.0901944,-3.65552e-05
0.0902222,-5.06973e-05
0.09025,-6.9878e-05
0.0902778,-9.57231e-05
0.0903056,-0.000130321
0.0903333,-0.000176331
0.0903611,-0.000237119
0.0903889,-0.0003169
0.0904167,-0.000420919
0.0904444,-0.000555643
0.0904722,-0.000728975
0.0905,-0.000950495
0.0905278,-0.00123171
0.0905556,-0.0015863
0.0905833,-0.0020304
0.0906111,-0.00258285
0.0906389,-0.0032654
0.0906667,-0.00410294
0.0906944,-0.00512357
0.0907222,-0.00635873
0.09075,-0.00784311
0.0907778,-0.0096145
0.0908056,-0.0117134
0.0908333,-0.0141828
0.0908611,-0.0170672
0.0908889,-0.0204117
0.0909167,-0.0242615
0.0909444,-0.02866
0.0909722,-0.0336477
0.091,-0.0392604
0.0910278,-0.0455274
0.0910556,-0.0524701
0.0910833,-0.0600995
0.0911111,-0.0684147
0.0911389,-0.0774014
0.0911667,-0.0870298
0.0911944,-0.0972539
0.0912222,-0.108011
0.09125,-0.119219
0.0912778,-0.130781
0.0913056,-0.142582
0.0913333,-0.154491
0.0913611,-0.166365
0.0913889,-0.17805
0.0914167,-0.189383
0.0914444,-0.200199
0.0914722,-0.21033
0.0915,-0.219614
0.0915278,-0.227898
0.0915556,-0.235039
0.0915833,-0.240913
0.0916111,-0.245414
0.0916389,-0.248462
0.0916667,-0.25
0.0916944,-0.25
0.0917222,-0.248462
0.09175,-0.245414
0.0917778,-0.240913
0.0918056,-0.235039
0.0918333,-0.227898
0.0918611,-0.219614
0.0918889,-0.21033
0.0919167,-0.200199
0.0919444,-0.189383
0.0919722,-0.17805
0.092,-0.166365
0.0920278,-0.154491
0.0920556,-0.142582
0.0920833,-0.130781
0.0921111,-0.119219
0.0921389,-0.108011
0.0921667,-0.0972539
0.0921944,-0.0870298
0.0922222,-0.0774014
0.09225,-0.0684147
0.0922778,-0.0600995
0.0923056,-0.0524701
0.0923333,-0.0455274
0.0923611,-0.0392604
0.0923889,-0.0336477
0.0924167,-0.02866
0.0924444,-0.0242615
0.0924722,-0.0204117
0.0925,-0.0170672
0.0925278,-0.0141828
0.0925556,-0.0117134
0.0925833,-0.0096145
0.0926111,-0.00784311
0.0926389,-0.00635873
0.0926667,-0.00512357
0.0926944,-0.00410294
0.0927222,-0.0032654
0.09275,-0.00258285
0.0927778,-0.0020304
0.0928056,-0.0015863
0.0928333,-0.00123171
0.0928611,-0.000950495
0.0928889,-0.000728975
0.0929167,-0.000555643
0.0929444,-0.000420919
0.0929722,-0.0003169
0.093,-0.000237119
0.0930278,-0.000176331
0.0930556,-0.000130321
0.0930833,-9.57231e-05
0.0931111,-6.9878e-05
0.0931389,-5.06973e-05
0.0931667,-3.65552e-05
0.0931944,-2.61959e-05
0.0932222,-1.86568e-05
0.09325,-1.32057e-05
0.0932778,-9.28983e-06
0.0933056,-6.4949e-06
0.0933333,-4.51292e-06
0.0933611,-3.11647e-06
0.0933889,-2.13889e-06
0.0934167,-1.45893e-06
0.0934444,-9.8901e-07
0.0934722,-6.66326e-07
0.0935,-4.46163e-07
0.0935278,-2.96907e-07
0.0935556,-1.96366e-07
0.0935833,-1.29072e-07
0.0936111,-8.43181e-08
0.0936389,-5.4743e-08
0.0936667,-3.53229e-08
0.0936944,-2.26519e-08
0.0937222,-1.44368e-08
0.09375,-9.14452e-09
0.0937778,-5.75665e-09
0.0938056,-3.60163e-09
0.0938333,-2.23948e-09
0.0938611,-1.38394e-09
0.0938889,-8.49978e-10
0.0939167,-5.18822e-10
0.0939444,-3.14738e-10
0.0939722,-1.89759e-10
0.094,-1.13704e-10
0.0940278,-6.77132e-11
0.0940556,-4.00761e-11
0.0940833,-2.35744e-11
0.0941111,-1.37815e-11
0.0941389,-8.00823e-12
0.0941667,-4.62427e-12
0.0941944,-2.65496e-12
0.0942222,-1.51437e-12
0.09425,-8.59646e-13
0.0942778,-4.84418e-13
0.0943056,-2.72504e-13
0.0943333,-1.51795e-13
0.0943611,-8.52929e-14
0.0943889,-4.70457e-14
0.0944167,-2.70617e-14
0.0944444,-1.48492e-14
0.0944722,-9.35363e-15
0.0945,-5.19029e-15
0.0945278,-4.13558e-15
0.0945556,-2.2482e-15
0.0945833,-2.63678e-15
0.0946111,-1.44329e-15
0.0946389,-2.16493e-15
0.0946667,-1.249e-15
0.0946944,-2.05391e-15
0.0947222,-1.13798e-15
0.09475,-2.05391e-15
0.0947778,-1.16573e-15
0.0948056,-2.02616e-15
0.0948333,-1.08247e-15
0.0948611,-1.9984e-15
0.0948889,-1.08247e-15
0.0949167,-1.97065e-15
0.0949444,-1.08247e-15
0.0949722,-1.97065e-15
0.095,-1.08247e-15
0.0950278,-2.02616e-15
0.0950556,-1.13798e-15
0.0950833,-2.02616e-15
0.0951111,-1.19349e-15
0.0951389,-1.9984e-15
0.0951667,-1.13798e-15
0.0951944,-1.97065e-15
0.0952222,-1.22125e-15
0.09525,-1.94289e-15
0.0952778,-1.22125e-15
0.0953056,-1.88738e-15
0.0953333,-1.19349e-15
0.0953611,-1.88738e-15
0.0953889,-1.16573e-15
0.0954167,-1.88738e-15
0.0954444,-1.16573e-15
0.0954722,-1.85962e-15
0.0955,-1.16573e-15
0.0955278,-1.83187e-15
0.0955556,-1.16573e-15
0.0955833,-1.88738e-15
0.0956111,-1.16573e-15
0.0956389,-1.88738e-15
0.0956667,-1.16573e-15
0.0956944,-1.88738e-15
0.0957222,-1.16573e-15
0.09575,-1.85962e-15
0.0957778,-1.16573e-15
0.0958056,-1.85962e-15
0.0958333,-1.16573e-15
0.0958611,-1.83187e-15
0.0958889,-1.16573e-15
0.0959167,-1.83187e-15
0.0959444,-1.16573e-15
0.0959722,-1.83187e-15
0.096,-1.16573e-15
0.0960278,-1.83187e-15
0.0960556,-1.16573e-15
0.0960833,-1.83187e-15
0.0961111,-1.16573e-15
0.0961389,-1.85962e-15
0.0961667,-1.16573e-15
0.0961944,-1.85962e-15
0.0962222,-1.16573e-15
0.09625,-1.85962e-15
0.0962778,-1.16573e-15
0.0963056,-1.85962e-15
0.0963333,-1.16573e-15
0.0963611,-1.85962e-15
0.0963889,-1.16573e-15
0.0964167,-1.85962e-15
0.0964444,-1.16573e-15
0.0964722,-1.85962e-15
0.0965,-1.16573e-15
0.0965278,-1.85962e-15
0.0965556,-1.16573e-15
0.0965833,-1.85962e-15
0.0966111,-1.16573e-15
0.0966389,-1.85962e-15
0.0966667,-1.16573e-15
0.0966944,-1.85962e-15
0.0967222,-1.16573e-15
0.09675,-1.85962e-15
0.0967778,-1.16573e-15
0.0968056,-1.85962e-15
0.0968333,-1.16573e-15
0.0968611,-1.85962e-15
0.0968889,-1.16573e-15
0.0969167,-1.85962e-15
0.0969444,-1.16573e-15
0.0969722,-1.80411e-15
0.097,-1.11022e-15
0.0970278,-1.77636e-15
0.0970556,-9.99201e-16
0.0970833,-1.55431e-15
0.0971111,-5.55112e-16
0.0971389,-7.49401e-16
0.0971667,9.4369e-16
0.0971944,2.10942e-15
0.0972222,6.16174e-15
0.09725,1.16851e-14
0.0972778,2.38143e-14
0.0973056,4.39371e-14
0.0973333,8.2101e-14
0.0973611,1.48687e-13
0.0973889,2.69451e-13
0.0974167,4.81365e-13
0.0974444,8.56648e-13
0.0974722,1.51126e-12
0.0975,2.65193e-12
0.0975278,4.62116e-12
0.0975556,8.00526e-12
0.0975833,1.37784e-11
0.0976111,2.35715e-11
0.0976389,4.0073e-11
0.0976667,6.77103e-11
0.0976944,1.137e-10
0.0977222,1.89756e-10
0.09775,3.14735e-10
0.0977778,5.18819e-10
0.0978056,8.49975e-10
0.0978333,1.38394e-09
0.0978611,2.23948e-09
0.0978889,3.60162e-09
0.0979167,5.75664e-09
0.0979444,9.14452e-09
0.0979722,1.44368e-08
0.098,2.26519e-08
0.0980278,3.53229e-08
0.0980556,5.4743e-08
0.0980833,8.43181e-08
0.0981111,1.29072e-07
0.0981389,1.96366e-07
0.0981667,2.96907e-07
0.0981944,4.46163e-07
0.0982222,6.66326e-07
0.09825,9.8901e-07
0.0982778,1.45893e-06
0.0983056,2.13889e-06
0.0983333,3.11647e-06
0.0983611,4.51292e-06
0.0983889,6.4949e-06
0.0984167,9.28983e-06
0.0984444,1.32057e-05
0.0984722,1.86568e-05
0.0985,2.61959e-05
0.0985278,3.65552e-05
0.0985556,5.06973e-05
0.0985833,6.9878e-05
0.0986111,9.57231e-05
0.0986389,0.000130321
0.0986667,0.000176331
0.0986944,0.000237119
0.0987222,0.0003169
0.09875,0.000420919
0.0987778,0.000555643
0.0988056,0.000728975
0.0988333,0.000950495
0.0988611,0.00123171
0.0988889,0.0015863
0.0989167,0.0020304
0.0989444,0.00258285
0.0989722,0.0032654
0.099,0.00410294
0.0990278,0.00512357
0.0990556,0.00635873
0.0990833,0.00784311
0.0991111,0.0096145
0.0991389,0.0117134
0.0991667,0.0141828
0.0991944,0.0170672
0.0992222,0.0204117
0.09925,0.0242615
0.0992778,0.02866
0.0993056,0.0336477
0.0993333,0.0392604
0.0993611,0.0455274
0.0993889,0.0524701
0.0994167,0.0600995
0.0994444,0.0684147
0.0994722,0.0774014
0.0995,0.0870298
0.0995278,0.0972539
0.0995556,0.108011
0.0995833,0.119219
0.0996111,0.130781
0.0996389,0.142582
0.0996667,0.154491
0.0996944,0.166365
0.0997222,0.17805
0.09975,0.189383
0.0997778,0.200199
0.0998056,0.21033
0.0998333,0.219614
0.0998611,0.227898
0.0998889,0.235039
0.0999167,0.240913
0.0999444,0.245414
0.0999722,0.248462
0.1,0.25
0.100028,0.25
0.100056,0.248462
0.100083,0.245414
0.100111,0.240913
0.100139,0.235039
0.100167,0.227898
0.100194,0.219614
0.100222,0.21033
0.10025,0.200199
0.100278,0.189383
0.100306,0.17805
0.100333,0.166365
0.100361,0.154491
0.100389,0.142582
0.100417,0.130781
0.100444,0.119219
0.100472,0.108011
0.1005,0.0972539
0.100528,0.0870298
0.100556,0.0774014
0.100583,0.0684147
0.100611,0.0600995
0.100639,0.0524701
0.100667,0.0455274
0.100694,0.0392604
0.100722,0.0336477
0.10075,0.02866
0.100778,0.0242615
0.100806,0.0204117
0.100833,0.0170672
0.100861,0.0141828
0.100889,0.0117134
0.100917,0.0096145
0.100944,0.00784311
0.100972,0.00635873
0.101,0.00512357
0.101028,0.00410294
0.101056,0.0032654
0.101083,0.00258285
0.101111,0.0020304
0.101139,0.0015863
0.101167,0.00123171
0.101194,0.000950495
0.101222,0.000728975
0.10125,0.000555643
0.101278,0.000420919
0.101306,0.0003169
0.101333,0.000237119
0.101361,0.000176331
0.101389,0.000130321
0.101417,9.57231e-05
0.101444,6.9878e-05
0.101472,5.06973e-05
0.1015,3.65552e-05
0.101528,2.61959e-05
0.101556,1.86568e-05
0.101583,1.32057e-05
0.101611,9.28983e-06
0.101639,6.4949e-06
0.101667,4.51292e-06
0.101694,3.11647e-06
0.101722,2.13889e-06
0.10175,1.45893e-06
0.101778,9.8901e-07
0.101806,6.66326e-07
0.101833,4.46163e-07
0.101861,2.96907e-07
0.101889,1.96366e-07
0.101917,1.29072e-07
0.101944,8.43181e-08
0.101972,5.4743e-08
0.102,3.53229e-08
0.102028,2.26519e-08
0.102056,1.44368e-08
0.102083,9.14452e-09
0.102111,5.75665e-09
0.102139,3.60163e-09
0.102167,2.23948e-09
0.102194,1.38394e-09
0.102222,8.49978e-10
0.10225,5.18821e-10
0.102278,3.14738e-10
0.102306,1.89758e-10
0.102333,1.13704e-10
0.102361,6.77121e-11
0.102389,4.00763e-11
0.102417,2.35733e-11
0.102444,1.37817e-11
0.102472,8.00712e-12
0.1025,4.62447e-12
0.102528,2.65385e-12
0.102556,1.51457e-12
0.102583,8.58535e-13
0.102611,4.84612e-13
0.102639,2.71394e-13
0.102667,1.5199e-13
0.102694,8.41827e-14
0.102722,4.724e-14
0.10275,2.59515e-14
0.102778,1.50435e-14
0.102806,8.24341e-15
0.102833,5.38458e-15
0.102861,3.02536e-15
0.102889,2.44249e-15
0.102917,1.52656e-15
0.102944,1.63758e-15
0.102972,1.05471e-15
0.103,1.44329e-15
0.103028,9.4369e-16
0.103056,1.33227e-15
0.103083,9.4369e-16
0.103111,1.36002e-15
0.103139,9.15934e-16
0.103167,1.27676e-15
0.103194,8.88178e-16
0.103222,1.27676e-15
0.10325,8.60423e-16
0.103278,1.27676e-15
0.103306,8.60423e-16
0.103333,1.27676e-15
0.103361,9.15934e-16
0.103389,1.33227e-15
0.103417,9.15934e-16
0.103444,1.38778e-15
0.103472,8.88178e-16
0.1035,1.33227e-15
0.103528,8.60423e-16
0.103556,1.41553e-15
0.103583,8.32667e-16
0.103611,1.41553e-15
0.103639,7.77156e-16
0.103667,1.38778e-15
0.103694,7.77156e-16
0.103722,1.36002e-15
0.10375,7.77156e-16
0.103778,1.36002e-15
0.103806,7.49401e-16
0.103833,1.36002e-15
0.103861,7.21645e-16
0.103889,1.36002e-15
0.103917,7.77156e-16
0.103944,1.36002e-15
0.103972,7.77156e-16
0.104,1.36002e-15
0.104028,7.77156e-16
0.104056,1.36002e-15
0.104083,7.49401e-16
0.104111,1.36002e-15
0.104139,7.49401e-16
0.104167,1.36002e-15
0.104194,7.21645e-16
0.104222,1.36002e-15
0.10425,7.21645e-16
0.104278,1.36002e-15
0.104306,7.21645e-16
0.104333,1.36002e-15
0.104361,7.21645e-16
0.104389,1.36002e-15
0.104417,7.21645e-16
0.104444,1.36002e-15
0.104472,7.49401e-16
0.1045,1.36002e-15
0.104528,7.49401e-16
0.104556,1.36002e-15
0.104583,7.49401e-16
0.104611,1.36002e-15
0.104639,7.49401e-16
0.104667,1.36002e-15
0.104694,7.49401e-16
0.104722,1.36002e-15
0.10475,7.49401e-16
0.104778,1.36002e-15
0.104806,7.49401e-16
0.104833,1.36002e-15
0.104861,7.49401e-16
0.104889,1.36002e-15
0.104917,7.49401e-16
0.104944,1.36002e-15
0.104972,7.49401e-16
0.105,1.36002e-15
0.105028,7.49401e-16
0.105056,1.36002e-15
0.105083,7.49401e-16
0.105111,1.36002e-15
0.105139,7.49401e-16
0.105167,1.36002e-15
0.105194,7.49401e-16
0.105222,1.36002e-15
0.10525,7.49401e-16
0.105278,1.36002e-15
0.105306,6.93889e-16
0.105333,1.30451e-15
0.105361,6.66134e-16
0.105389,1.19349e-15
0.105417,4.44089e-16
0.105444,7.49401e-16
0.105472,-3.60822e-16
0.1055,-7.49401e-16
0.105528,-3.21965e-15
0.105556,-5.96745e-15
0.105583,-1.27953e-14
0.105611,-2.362e-14
0.105639,-4.50473e-14
0.105667,-8.19067e-14
0.105694,-1.49797e-13
0.105722,-2.69257e-13
0.10575,-4.82475e-13
0.105778,-8.56454e-13
0.105806,-1.51237e-12
0.105833,-2.65174e-12
0.105861,-4.62227e-12
0.105889,-8.00507e-12
0.105917,-1.37795e-11
0.105944,-2.35713e-11
0.105972,-4.00741e-11
0.106,-6.77101e-11
0.106028,-1.13702e-10
0.106056,-1.89756e-10
0.106083,-3.14736e-10
0.106111,-5.18819e-10
0.106139,-8.49976e-10
0.106167,-1.38394e-09
0.106194,-2.23948e-09
0.106222,-3.60162e-09
0.10625,-5.75664e-09
0.106278,-9.14452e-09
0.106306,-1.44368e-08
0.106333,-2.26519e-08
0.106361,-3.53229e-08
0.106389,-5.4743e-08
0.106417,-8.43181e-08
0.106444,-1.29072e-07
0.106472,-1.96366e-07
0.1065,-2.96907e-07
0.106528,-4.46163e-07
0.106556,-6.66326e-07
0.106583,-9.8901e-07
0.106611,-1.45893e-06
0.106639,-2.13889e-06
0.106667,-3.11647e-06
0.106694,-4.51292e-06
0.106722,-6.4949e-06
0.10675,-9.28983e-06
0.106778,-1.32057e-05
0.106806,-1.86568e-05
0.106833,-2.61959e-05
0.106861,-3.65552e-05
0.106889,-5.06973e-05
0.106917,-6.9878e-05
0.106944,-9.57231e-05
0.106972,-0.000130321
0.107,-0.000176331
0.107028,-0.000237119
0.107056,-0.0003169
0.107083,-0.000420919
0.107111,-0.000555643
0.107139,-0.000728975
0.107167,-0.000950495
0.107194,-0.00123171
0.107222,-0.0015863
0.10725,-0.0020304
0.107278,-0.00258285
0.107306,-0.0032654
0.107333,-0.00410294
0.107361,-0.00512357
0.107389,-0.00635873
0.107417,-0.00784311
0.107444,-0.0096145
0.107472,-0.0117134
0.1075,-0.0141828
0.107528,-0.0170672
0.107556,-0.0204117
0.107583,-0.0242615
0.107611,-0.02866
0.107639,-0.0336477
0.107667,-0.0392604
0.107694,-0.0455274
0.107722,-0.0524701
0.10775,-0.0600995
0.107778,-0.0684147
0.107806,-0.0774014
0.107833,-0.0870298
0.107861,-0.0972539
0.107889,-0.108011
0.107917,-0.119219
0.107944,-0.130781
0.107972,-0.142582
0.108,-0.154491
0.108028,-0.166365
0.108056,-0.17805
0.108083,-0.189383
0.108111,-0.200199
0.108139,-0.21033
0.108167,-0.219614
0.108194,-0.227898
0.108222,-0.235039
0.10825,-0.240913
0.108278,-0.245414
0.108306,-0.248462
0.108333,-0.25
0.108361,-0.25
0.108389,-0.248462
0.108417,-0.245414
0.108444,-0.240913
0.108472,-0.235039
0.1085,-0.227898
0.108528,-0.219614
0.108556,-0.21033
0.108583,-0.200199
0.108611,-0.189383
0.108639,-0.17805
0.108667,-0.166365
0.108694,-0.154491
0.108722,-0.142582
0.10875,-0.130781
0.108778,-0.119219
0.108806,-0.108011
0.108833,-0.0972539
0.108861,-0.0870298
0.108889,-0.0774014
0.108917,-0.0684147
0.108944,-0.0600995
0.108972,-0.0524701
0.109,-0.0455274
0.109028,-0.0392604
0.109056,-0.0336477
0.109083,-0.02866
0.109111,-0.0242615
0.109139,-0.0204117
0.109167,-0.0170672
0.109194,-0.0141828
0.109222,-0.0117134
0.10925,-0.0096145
0.109278,-0.00784311
0.109306,-0.00635873
0.109333,-0.00512357
0.109361,-0.00410294
0.109389,-0.0032654
0.109417,-0.00258285
0.109444,-0.0020304
0.109472,-0.0015863
0.1095,-0.00123171
0.109528,-0.000950495
0.109556,-0.000728975
0.109583,-0.000555643
0.109611,-0.000420919
0.109639,-0.0003169
0.109667,-0.000237119
0.109694,-0.000176331
0.109722,-0.000130321
0.10975,-9.57231e-05
0.109778,-6.9878e-05
0.109806,-5.06973e-05
0.109833,-3.65552e-05
0.109861,-2.61959e-05
0.109889,-1.86568e-05
0.109917,-1.32057e-05
0.109944,-9.28983e-06
0.109972,-6.4949e-06
0.11,-4.51292e-06
0.110028,-3.11647e-06
0.110056,-2.13889e-06
0.110083,-1.45893e-06
0.110111,-9.8901e-07
0.110139,-6.66326e-07
0.110167,-4.46163e-07
0.110194,-2.96907e-07
0.110222,-1.96366e-07
0.11025,-1.29072e-07
0.110278,-8.43181e-08
0.110306,-5.4743e-08
0.110333,-3.53229e-08
0.110361,-2.26519e-08
0.110389,-1.44368e-08
0.110417,-9.14452e-09
0.110444,-5.75665e-09
0.110472,-3.60162e-09
0.1105,-2.23948e-09
0.110528,-1.38394e-09
0.110556,-8.49978e-10
0.110583,-5.18821e-10
0.110611,-3.14738e-10
0.110639,-1.89758e-10
0.110667,-1.13704e-10
0.110694,-6.77117e-11
0.110722,-4.00764e-11
0.11075,-2.3573e-11
0.110778,-1.37818e-11
0.110806,-8.00679e-12
0.110833,-4.62455e-12
0.110861,-2.65352e-12
0.110889,-1.51465e-12
0.110917,-8.58202e-13
0.110944,-4.84696e-13
0.110972,-2.71061e-13
0.111,-1.52073e-13
0.111028,-8.38496e-14
0.111056,-4.73233e-14
0.111083,-2.56184e-14
