time,x,y,vx,vy,v
0,0,60,39.9318,30.0908,50
0,0.399157,60.2998,39.9157,29.9806,50
0.01,0.798153,60.5985,39.8996,29.8706,49.9209
0.02,1.19699,60.8961,39.8836,29.7606,49.842
0.03,1.59566,61.1926,39.8676,29.6506,49.7633
0.04,1.99418,61.488,39.8516,29.5407,49.6848
0.05,2.39254,61.7823,39.8357,29.4309,49.6065
0.06,2.79073,62.0756,39.8198,29.3212,49.5284
0.07,3.18877,62.3677,39.8039,29.2115,49.4504
0.08,3.58665,62.6587,39.788,29.1018,49.3727
0.09,3.98438,62.9486,39.7722,28.9923,49.2951
0.1,4.38194,63.2374,39.7564,28.8828,49.2177
0.11,4.77935,63.5252,39.7407,28.7733,49.1405
0.12,5.1766,63.8118,39.725,28.664,49.0635
0.13,5.57369,64.0974,39.7093,28.5546,48.9867
0.14,5.97063,64.3818,39.6936,28.4454,48.9101
0.15,6.36741,64.6652,39.678,28.3362,48.8336
0.16,6.76403,64.9474,39.6624,28.227,48.7574
0.17,7.1605,65.2286,39.6468,28.118,48.6813
0.18,7.55681,65.5087,39.6313,28.0089,48.6055
0.19,7.95297,65.7877,39.6158,27.9,48.5298
0.2,8.34897,66.0656,39.6003,27.7911,48.4543
0.21,8.74482,66.3424,39.5849,27.6822,48.379
0.22,9.14052,66.6182,39.5694,27.5735,48.3039
0.23,9.53606,66.8928,39.5541,27.4647,48.229
0.24,9.93144,67.1664,39.5387,27.3561,48.1543
0.25,10.3267,67.4389,39.5234,27.2475,48.0798
0.26,10.7218,67.7102,39.5081,27.1389,48.0054
0.27,11.1167,67.9806,39.4928,27.0304,47.9313
0.28,11.5115,68.2498,39.4776,26.922,47.8574
0.29,11.9061,68.5179,39.4624,26.8136,47.7836
0.3,12.3006,68.785,39.4472,26.7053,47.7101
0.31,12.6949,69.0509,39.432,26.5971,47.6367
0.32,13.089,69.3158,39.4169,26.4889,47.5635
0.33,13.4831,69.5796,39.4018,26.3807,47.4906
0.34,13.8769,69.8424,39.3868,26.2726,47.4178
0.35,14.2707,70.104,39.3717,26.1646,47.3452
0.36,14.6642,70.3646,39.3567,26.0566,47.2728
0.37,15.0576,70.6241,39.3417,25.9487,47.2006
0.38,15.4509,70.8825,39.3268,25.8409,47.1286
0.39,15.844,71.1398,39.3119,25.733,47.0568
0.4,16.237,71.396,39.297,25.6253,46.9852
0.41,16.6298,71.6512,39.2821,25.5176,46.9138
0.42,17.0225,71.9053,39.2673,25.41,46.8426
0.43,17.415,72.1583,39.2525,25.3024,46.7716
0.44,17.8074,72.4103,39.2377,25.1949,46.7008
0.45,18.1996,72.6612,39.2229,25.0874,46.6302
0.46,18.5917,72.911,39.2082,24.98,46.5598
0.47,18.9836,73.1597,39.1935,24.8726,46.4896
0.48,19.3754,73.4073,39.1789,24.7653,46.4196
0.49,19.7671,73.6539,39.1642,24.658,46.3498
0.5,20.1586,73.8994,39.1496,24.5508,46.2802
0.51,20.5499,74.1439,39.135,24.4437,46.2108
0.52,20.9411,74.3872,39.1205,24.3366,46.1416
0.53,21.3322,74.6295,39.1059,24.2296,46.0726
0.54,21.7231,74.8708,39.0914,24.1226,46.0037
0.55,22.1139,75.1109,39.0769,24.0156,45.9351
0.56,22.5045,75.35,39.0625,23.9088,45.8667
0.57,22.895,75.588,39.0481,23.8019,45.7985
0.58,23.2853,75.825,39.0337,23.6952,45.7306
0.59,23.6755,76.0609,39.0193,23.5884,45.6628
0.6,24.0655,76.2957,39.005,23.4818,45.5952
0.61,24.4554,76.5294,38.9906,23.3751,45.5278
0.62,24.8452,76.7621,38.9763,23.2686,45.4606
0.63,25.2348,76.9937,38.9621,23.1621,45.3936
0.64,25.6243,77.2243,38.9478,23.0556,45.3269
0.65,26.0136,77.4538,38.9336,22.9492,45.2603
0.66,26.4028,77.6822,38.9194,22.8428,45.1939
0.67,26.7919,77.9096,38.9053,22.7365,45.1278
0.68,27.1808,78.1359,38.8911,22.6303,45.0618
0.69,27.5696,78.3611,38.877,22.524,44.9961
0.7,27.9582,78.5853,38.863,22.4179,44.9306
0.71,28.3467,78.8084,38.8489,22.3118,44.8652
0.72,28.735,79.0305,38.8349,22.2057,44.8001
0.73,29.1233,79.2515,38.8209,22.0997,44.7352
0.74,29.5113,79.4714,38.8069,21.9937,44.6705
0.75,29.8993,79.6903,38.7929,21.8878,44.606
0.76,30.287,79.9081,38.779,21.782,44.5418
0.77,30.6747,80.1249,38.7651,21.6762,44.4777
0.78,31.0622,80.3406,38.7512,21.5704,44.4138
0.79,31.4496,80.5552,38.7373,21.4647,44.3502
0.8,31.8368,80.7688,38.7235,21.359,44.2867
0.81,32.2239,80.9813,38.7097,21.2534,44.2235
0.82,32.6109,81.1928,38.6959,21.1478,44.1605
0.83,32.9977,81.4032,38.6822,21.0423,44.0977
0.84,33.3844,81.6126,38.6684,20.9369,44.0351
0.85,33.7709,81.8209,38.6547,20.8314,43.9727
0.86,34.1573,82.0282,38.641,20.7261,43.9105
0.87,34.5436,82.2344,38.6274,20.6207,43.8486
0.88,34.9297,82.4395,38.6137,20.5154,43.7869
0.89,35.3157,82.6437,38.6001,20.4102,43.7253
0.9,35.7016,82.8467,38.5865,20.305,43.664
0.91,36.0873,83.0487,38.573,20.1999,43.6029
0.92,36.4729,83.2496,38.5594,20.0948,43.542
0.93,36.8584,83.4495,38.5459,19.9898,43.4814
0.94,37.2437,83.6484,38.5324,19.8848,43.4209
0.95,37.6289,83.8462,38.519,19.7798,43.3607
0.96,38.014,84.0429,38.5055,19.6749,43.3007
0.97,38.3989,84.2386,38.4921,19.57,43.2409
0.98,38.7837,84.4333,38.4787,19.4652,43.1813
0.99,39.1683,84.6269,38.4653,19.3605,43.122
1,39.5528,84.8195,38.4519,19.2557,43.0628
1.01,39.9372,85.011,38.4386,19.1511,43.0039
1.02,40.3215,85.2014,38.4253,19.0464,42.9452
1.03,40.7056,85.3908,38.412,18.9418,42.8867
1.04,41.0896,85.5792,38.3988,18.8373,42.8285
1.05,41.4734,85.7666,38.3855,18.7328,42.7704
1.06,41.8572,85.9528,38.3723,18.6284,42.7126
1.07,42.2408,86.1381,38.3591,18.524,42.655
1.08,42.6242,86.3223,38.3459,18.4196,42.5976
1.09,43.0075,86.5054,38.3328,18.3153,42.5405
1.1,43.3907,86.6875,38.3196,18.211,42.4835
1.11,43.7738,86.8686,38.3065,18.1068,42.4268
1.12,44.1567,87.0486,38.2934,18.0026,42.3703
1.13,44.5395,87.2276,38.2804,17.8984,42.3141
1.14,44.9222,87.4056,38.2673,17.7943,42.258
1.15,45.3048,87.5825,38.2543,17.6903,42.2022
1.16,45.6872,87.7583,38.2413,17.5863,42.1466
1.17,46.0695,87.9331,38.2283,17.4823,42.0913
1.18,46.4516,88.1069,38.2154,17.3784,42.0361
1.19,46.8336,88.2797,38.2025,17.2745,41.9812
1.2,47.2155,88.4514,38.1895,17.1707,41.9266
1.21,47.5973,88.622,38.1766,17.0669,41.8721
1.22,47.9789,88.7917,38.1638,16.9631,41.8179
1.23,48.3604,88.9603,38.1509,16.8594,41.7639
1.24,48.7418,89.1278,38.1381,16.7557,41.7101
1.25,49.1231,89.2943,38.1253,16.6521,41.6566
1.26,49.5042,89.4598,38.1125,16.5485,41.6032
1.27,49.8852,89.6243,38.0997,16.445,41.5502
1.28,50.2661,89.7877,38.087,16.3415,41.4973
1.29,50.6468,89.9501,38.0743,16.238,41.4447
1.3,51.0274,90.1114,38.0615,16.1346,41.3923
1.31,51.4079,90.2717,38.0489,16.0312,41.3401
1.32,51.7883,90.431,38.0362,15.9279,41.2882
1.33,52.1685,90.5893,38.0236,15.8246,41.2365
1.34,52.5486,90.7465,38.0109,15.7213,41.185
1.35,52.9286,90.9027,37.9983,15.6181,41.1338
1.36,53.3085,91.0578,37.9857,15.5149,41.0828
1.37,53.6882,91.2119,37.9732,15.4118,41.0321
1.38,54.0678,91.365,37.9606,15.3087,40.9815
1.39,54.4473,91.5171,37.9481,15.2057,40.9312
1.4,54.8266,91.6681,37.9356,15.1027,40.8812
1.41,55.2059,91.8181,37.9231,14.9997,40.8313
1.42,55.585,91.9671,37.9106,14.8967,40.7818
1.43,55.964,92.115,37.8982,14.7939,40.7324
1.44,56.3428,92.2619,37.8857,14.691,40.6833
1.45,56.7215,92.4078,37.8733,14.5882,40.6344
1.46,57.1002,92.5526,37.8609,14.4854,40.5858
1.47,57.4786,92.6965,37.8486,14.3827,40.5374
1.48,57.857,92.8393,37.8362,14.28,40.4892
1.49,58.2352,92.981,37.8239,14.1773,40.4413
1.5,58.6134,93.1218,37.8116,14.0747,40.3936
1.51,58.9914,93.2615,37.7993,13.9721,40.3461
1.52,59.3692,93.4002,37.787,13.8696,40.2989
1.53,59.747,93.5379,37.7747,13.7671,40.252
1.54,60.1246,93.6745,37.7625,13.6646,40.2052
1.55,60.5021,93.8101,37.7502,13.5622,40.1588
1.56,60.8795,93.9447,37.738,13.4598,40.1125
1.57,61.2567,94.0783,37.7258,13.3575,40.0665
1.58,61.6339,94.2109,37.7137,13.2552,40.0208
1.59,62.0109,94.3424,37.7015,13.1529,39.9752
1.6,62.3878,94.4729,37.6894,13.0507,39.93
1.61,62.7646,94.6024,37.6773,12.9485,39.8849
1.62,63.1412,94.7309,37.6652,12.8463,39.8402
1.63,63.5177,94.8583,37.6531,12.7442,39.7956
1.64,63.8941,94.9847,37.641,12.6421,39.7513
1.65,64.2704,95.1101,37.629,12.54,39.7073
1.66,64.6466,95.2345,37.6169,12.438,39.6635
1.67,65.0227,95.3579,37.6049,12.3361,39.6199
1.68,65.3986,95.4802,37.5929,12.2341,39.5766
1.69,65.7744,95.6015,37.5809,12.1322,39.5335
1.7,66.1501,95.7218,37.569,12.0304,39.4907
1.71,66.5257,95.8411,37.557,11.9285,39.4481
1.72,66.9011,95.9594,37.5451,11.8268,39.4058
1.73,67.2764,96.0766,37.5332,11.725,39.3637
1.74,67.6516,96.1929,37.5213,11.6233,39.3219
1.75,68.0267,96.3081,37.5094,11.5216,39.2803
1.76,68.4017,96.4223,37.4975,11.42,39.239
1.77,68.7766,96.5355,37.4857,11.3183,39.1979
1.78,69.1513,96.6476,37.4738,11.2168,39.1571
1.79,69.5259,96.7588,37.462,11.1152,39.1165
1.8,69.9004,96.8689,37.4502,11.0137,39.0762
1.81,70.2748,96.978,37.4384,10.9123,39.0361
1.82,70.6491,97.0861,37.4266,10.8108,38.9963
1.83,71.0232,97.1932,37.4149,10.7094,38.9567
1.84,71.3973,97.2993,37.4032,10.6081,38.9174
1.85,71.7712,97.4044,37.3914,10.5068,38.8784
1.86,72.145,97.5084,37.3797,10.4055,38.8395
1.87,72.5187,97.6115,37.368,10.3042,38.801
1.88,72.8922,97.7135,37.3563,10.203,38.7627
1.89,73.2657,97.8145,37.3447,10.1018,38.7246
1.9,73.639,97.9145,37.333,10.0007,38.6868
1.91,74.0122,98.0135,37.3214,9.89954,38.6493
1.92,74.3853,98.1115,37.3098,9.79845,38.612
1.93,74.7583,98.2085,37.2982,9.69741,38.575
1.94,75.1312,98.3045,37.2866,9.59639,38.5382
1.95,75.5039,98.3994,37.275,9.49541,38.5017
1.96,75.8765,98.4934,37.2635,9.39447,38.4654
1.97,76.2491,98.5863,37.2519,9.29356,38.4294
1.98,76.6215,98.6782,37.2404,9.19268,38.3937
1.99,76.9938,98.7691,37.2289,9.09184,38.3582
2,77.3659,98.8591,37.2174,8.99103,38.323
2.01,77.738,98.948,37.2059,8.89025,38.288
2.02,78.1099,99.0358,37.1944,8.78951,38.2533
2.03,78.4818,99.1227,37.1829,8.6888,38.2188
2.04,78.8535,99.2086,37.1715,8.58813,38.1846
2.05,79.2251,99.2935,37.1601,8.48749,38.1507
2.06,79.5966,99.3774,37.1486,8.38688,38.117
2.07,79.9679,99.4602,37.1372,8.2863,38.0836
2.08,80.3392,99.5421,37.1258,8.18576,38.0504
2.09,80.7103,99.6229,37.1145,8.08525,38.0176
2.1,81.0814,99.7028,37.1031,7.98478,37.9849
2.11,81.4523,99.7816,37.0917,7.88433,37.9525
2.12,81.8231,99.8595,37.0804,7.78392,37.9204
2.13,82.1938,99.9363,37.0691,7.68354,37.8886
2.14,82.5644,100.012,37.0578,7.5832,37.857
2.15,82.9348,100.087,37.0464,7.48289,37.8257
2.16,83.3052,100.161,37.0352,7.38261,37.7946
2.17,83.6754,100.234,37.0239,7.28236,37.7638
2.18,84.0455,100.305,37.0126,7.18214,37.7333
2.19,84.4155,100.376,37.0014,7.08196,37.703
2.2,84.7854,100.446,36.9901,6.98181,37.673
2.21,85.1552,100.515,36.9789,6.88169,37.6433
2.22,85.5249,100.583,36.9677,6.7816,37.6138
2.23,85.8945,100.65,36.9565,6.68155,37.5846
2.24,86.2639,100.715,36.9453,6.58153,37.5556
2.25,86.6333,100.78,36.9341,6.48153,37.5269
2.26,87.0025,100.844,36.923,6.38157,37.4985
2.27,87.3716,100.907,36.9118,6.28165,37.4704
2.28,87.7406,100.969,36.9007,6.18175,37.4425
2.29,88.1095,101.029,36.8895,6.08189,37.4149
2.3,88.4783,101.089,36.8784,5.98205,37.3875
2.31,88.847,101.148,36.8673,5.88225,37.3604
2.32,89.2155,101.206,36.8562,5.78248,37.3336
2.33,89.584,101.263,36.8451,5.68274,37.3071
2.34,89.9523,101.319,36.834,5.58303,37.2808
2.35,90.3206,101.373,36.823,5.48336,37.2548
2.36,90.6887,101.427,36.8119,5.38371,37.229
2.37,91.0567,101.48,36.8009,5.28409,37.2035
2.38,91.4246,101.532,36.7898,5.18451,37.1783
2.39,91.7924,101.583,36.7788,5.08496,37.1534
2.4,92.1601,101.633,36.7678,4.98544,37.1287
2.41,92.5276,101.681,36.7568,4.88594,37.1043
2.42,92.8951,101.729,36.7458,4.78648,37.0801
2.43,93.2624,101.776,36.7349,4.68705,37.0563
2.44,93.6297,101.822,36.7239,4.58765,37.0327
2.45,93.9968,101.867,36.7129,4.48828,37.0093
2.46,94.3638,101.911,36.702,4.38895,36.9863
2.47,94.7307,101.954,36.691,4.28964,36.9635
2.48,95.0975,101.996,36.6801,4.19036,36.9409
2.49,95.4642,102.037,36.6692,4.09111,36.9187
2.5,95.8308,102.076,36.6583,3.9919,36.8967
2.51,96.1973,102.115,36.6474,3.89271,36.875
2.52,96.5636,102.153,36.6365,3.79355,36.8536
2.53,96.9299,102.19,36.6256,3.69443,36.8324
2.54,97.296,102.226,36.6147,3.59533,36.8115
2.55,97.6621,102.261,36.6039,3.49626,36.7908
2.56,98.028,102.295,36.593,3.39723,36.7705
2.57,98.3938,102.328,36.5822,3.29822,36.7504
2.58,98.7596,102.36,36.5714,3.19924,36.7306
2.59,99.1252,102.391,36.5605,3.1003,36.711
2.6,99.4907,102.421,36.5497,3.00138,36.6918
2.61,99.856,102.45,36.5389,2.90249,36.6727
2.62,100.221,102.478,36.5281,2.80363,36.654
2.63,100.587,102.505,36.5173,2.70481,36.6356
2.64,100.952,102.531,36.5065,2.60601,36.6174
2.65,101.317,102.556,36.4958,2.50724,36.5994
2.66,101.681,102.58,36.485,2.4085,36.5818
2.67,102.046,102.604,36.4743,2.30979,36.5644
2.68,102.411,102.626,36.4635,2.21111,36.5473
2.69,102.775,102.647,36.4528,2.11246,36.5305
2.7,103.14,102.667,36.442,2.01384,36.5139
2.71,103.504,102.686,36.4313,1.91524,36.4976
2.72,103.868,102.704,36.4206,1.81668,36.4816
2.73,104.232,102.721,36.4099,1.71815,36.4659
2.74,104.596,102.738,36.3992,1.61964,36.4504
2.75,104.96,102.753,36.3885,1.52116,36.4352
2.76,105.324,102.767,36.3778,1.42272,36.4203
2.77,105.688,102.78,36.3671,1.3243,36.4056
2.78,106.051,102.793,36.3565,1.22591,36.3912
2.79,106.415,102.804,36.3458,1.12755,36.3771
2.8,106.778,102.814,36.3351,1.02922,36.3633
2.81,107.141,102.823,36.3245,0.93092,36.3497
2.82,107.504,102.832,36.3139,0.832647,36.3364
2.83,107.867,102.839,36.3032,0.734404,36.3234
2.84,108.23,102.846,36.2926,0.636189,36.3106
2.85,108.593,102.851,36.282,0.538002,36.2982
2.86,108.956,102.855,36.2714,0.439845,36.286
2.87,109.318,102.859,36.2607,0.341716,36.274
2.88,109.681,102.861,36.2501,0.243616,36.2624
2.89,110.043,102.863,36.2395,0.145545,36.251
2.9,110.406,102.863,36.229,0.0475027,36.2398
2.91,110.768,102.863,36.2184,-0.0505111,36.229
2.92,111.13,102.861,36.2078,-0.148496,36.2184
2.93,111.492,102.859,36.1972,-0.246453,36.2081
2.94,111.854,102.855,36.1867,-0.344381,36.1981
2.95,112.216,102.851,36.1761,-0.442281,36.1883
2.96,112.577,102.845,36.1656,-0.540152,36.1788
2.97,112.939,102.839,36.155,-0.637994,36.1696
2.98,113.3,102.832,36.1445,-0.735808,36.1606
2.99,113.662,102.823,36.1339,-0.833594,36.152
3,114.023,102.814,36.1234,-0.931351,36.1435
3.01,114.384,102.804,36.1129,-1.02908,36.1354
3.02,114.745,102.792,36.1024,-1.12678,36.1275
3.03,115.106,102.78,36.0918,-1.22445,36.1199
3.04,115.467,102.767,36.0813,-1.32209,36.1126
3.05,115.827,102.753,36.0708,-1.41971,36.1056
3.06,116.188,102.738,36.0603,-1.5173,36.0988
3.07,116.548,102.721,36.0498,-1.61486,36.0922
3.08,116.909,102.704,36.0394,-1.71239,36.086
3.09,117.269,102.686,36.0289,-1.80989,36.08
3.1,117.629,102.667,36.0184,-1.90736,36.0743
3.11,117.989,102.647,36.0079,-2.00481,36.0689
3.12,118.349,102.626,35.9975,-2.10222,36.0637
3.13,118.709,102.604,35.987,-2.19961,36.0588
3.14,119.069,102.581,35.9765,-2.29697,36.0541
3.15,119.429,102.557,35.9661,-2.39431,36.0498
3.16,119.788,102.532,35.9556,-2.49161,36.0457
3.17,120.148,102.506,35.9452,-2.58889,36.0418
3.18,120.507,102.479,35.9347,-2.68613,36.0383
3.19,120.866,102.452,35.9243,-2.78335,36.035
3.2,121.225,102.423,35.9138,-2.88054,36.0319
3.21,121.584,102.393,35.9034,-2.97771,36.0292
3.22,121.943,102.362,35.893,-3.07484,36.0267
3.23,122.302,102.331,35.8826,-3.17195,36.0245
3.24,122.661,102.298,35.8721,-3.26903,36.0225
3.25,123.02,102.264,35.8617,-3.36608,36.0208
3.26,123.378,102.23,35.8513,-3.4631,36.0193
3.27,123.736,102.194,35.8409,-3.5601,36.0182
3.28,124.095,102.157,35.8305,-3.65706,36.0173
3.29,124.453,102.12,35.8201,-3.754,36.0166
3.3,124.811,102.081,35.8097,-3.85091,36.0163
3.31,125.169,102.042,35.7993,-3.94779,36.0161
3.32,125.527,102.001,35.7889,-4.04465,36.0163
3.33,125.885,101.96,35.7785,-4.14147,36.0167
3.34,126.242,101.918,35.7681,-4.23827,36.0174
3.35,126.6,101.874,35.7577,-4.33504,36.0183
3.36,126.957,101.83,35.7473,-4.43178,36.0195
3.37,127.315,101.785,35.737,-4.52849,36.021
3.38,127.672,101.738,35.7266,-4.62518,36.0227
3.39,128.029,101.691,35.7162,-4.72183,36.0247
3.4,128.386,101.643,35.7058,-4.81846,36.027
3.41,128.743,101.594,35.6954,-4.91506,36.0295
3.42,129.1,101.544,35.6851,-5.01163,36.0322
3.43,129.457,101.493,35.6747,-5.10818,36.0353
3.44,129.814,101.441,35.6643,-5.20469,36.0386
3.45,130.17,101.388,35.654,-5.30118,36.0421
3.46,130.526,101.334,35.6436,-5.39764,36.0459
3.47,130.883,101.279,35.6333,-5.49407,36.05
3.48,131.239,101.223,35.6229,-5.59047,36.0543
3.49,131.595,101.166,35.6125,-5.68685,36.0589
3.5,131.951,101.108,35.6022,-5.7832,36.0637
3.51,132.307,101.049,35.5918,-5.87951,36.0688
3.52,132.663,100.99,35.5815,-5.9758,36.0742
3.53,133.019,100.929,35.5711,-6.07207,36.0798
3.54,133.374,100.867,35.5608,-6.1683,36.0857
3.55,133.73,100.805,35.5504,-6.2645,36.0918
3.56,134.085,100.741,35.5401,-6.36068,36.0982
3.57,134.44,100.676,35.5297,-6.45683,36.1048
3.58,134.796,100.611,35.5194,-6.55295,36.1117
3.59,135.151,100.544,35.5091,-6.64904,36.1188
3.6,135.506,100.477,35.4987,-6.7451,36.1262
3.61,135.861,100.408,35.4884,-6.84114,36.1339
3.62,136.215,100.339,35.478,-6.93715,36.1417
3.63,136.57,100.269,35.4677,-7.03312,36.1499
3.64,136.925,100.197,35.4574,-7.12907,36.1583
3.65,137.279,100.125,35.447,-7.22499,36.1669
3.66,137.633,100.052,35.4367,-7.32089,36.1758
3.67,137.988,99.9779,35.4263,-7.41675,36.185
3.68,138.342,99.9027,35.416,-7.51259,36.1944
3.69,138.696,99.8266,35.4057,-7.60839,36.204
3.7,139.05,99.7496,35.3953,-7.70417,36.2139
3.71,139.404,99.6716,35.385,-7.79992,36.2241
3.72,139.758,99.5926,35.3746,-7.89564,36.2345
3.73,140.111,99.5127,35.3643,-7.99134,36.2451
3.74,140.465,99.4319,35.354,-8.087,36.256
3.75,140.818,99.35,35.3436,-8.18264,36.2671
3.76,141.171,99.2673,35.3333,-8.27824,36.2785
3.77,141.525,99.1835,35.323,-8.37382,36.2901
3.78,141.878,99.0988,35.3126,-8.46937,36.302
3.79,142.231,99.0132,35.3023,-8.56489,36.3141
3.8,142.584,98.9266,35.2919,-8.66038,36.3264
3.81,142.937,98.839,35.2816,-8.75584,36.339
3.82,143.289,98.7505,35.2713,-8.85128,36.3518
3.83,143.642,98.661,35.2609,-8.94668,36.3649
3.84,143.994,98.5706,35.2506,-9.04206,36.3782
3.85,144.347,98.4792,35.2402,-9.13741,36.3918
3.86,144.699,98.3869,35.2299,-9.23272,36.4056
3.87,145.051,98.2936,35.2195,-9.32801,36.4196
3.88,145.403,98.1994,35.2092,-9.42327,36.4339
3.89,145.755,98.1042,35.1989,-9.5185,36.4484
3.9,146.107,98.0081,35.1885,-9.61371,36.4632
3.91,146.459,97.911,35.1782,-9.70888,36.4781
3.92,146.811,97.8129,35.1678,-9.80402,36.4934
3.93,147.162,97.714,35.1575,-9.89914,36.5088
3.94,147.514,97.614,35.1471,-9.99422,36.5245
3.95,147.865,97.5131,35.1367,-10.0893,36.5404
3.96,148.216,97.4113,35.1264,-10.1843,36.5566
3.97,148.568,97.3085,35.116,-10.2793,36.573
3.98,148.919,97.2047,35.1057,-10.3743,36.5896
3.99,149.27,97.1,35.0953,-10.4692,36.6065
4,149.62,96.9944,35.085,-10.5641,36.6236
4.01,149.971,96.8878,35.0746,-10.659,36.6409
4.02,150.322,96.7803,35.0642,-10.7538,36.6584
4.03,150.672,96.6718,35.0539,-10.8487,36.6762
4.04,151.023,96.5624,35.0435,-10.9435,36.6942
4.05,151.373,96.452,35.0331,-11.0382,36.7125
4.06,151.723,96.3406,35.0227,-11.1329,36.7309
4.07,152.073,96.2284,35.0124,-11.2276,36.7496
4.08,152.423,96.1151,35.002,-11.3223,36.7685
4.09,152.773,96.001,34.9916,-11.417,36.7877
4.1,153.123,95.8859,34.9812,-11.5116,36.807
4.11,153.473,95.7698,34.9708,-11.6062,36.8266
4.12,153.823,95.6528,34.9604,-11.7007,36.8465
4.13,154.172,95.5348,34.95,-11.7952,36.8665
4.14,154.521,95.4159,34.9397,-11.8897,36.8868
4.15,154.871,95.2961,34.9293,-11.9842,36.9072
4.16,155.22,95.1753,34.9189,-12.0786,36.9279
4.17,155.569,95.0536,34.9085,-12.173,36.9489
4.18,155.918,94.9309,34.898,-12.2674,36.97
4.19,156.267,94.8073,34.8876,-12.3617,36.9914
4.2,156.616,94.6827,34.8772,-12.456,37.013
4.21,156.964,94.5572,34.8668,-12.5503,37.0348
4.22,157.313,94.4308,34.8564,-12.6446,37.0568
4.23,157.661,94.3034,34.846,-12.7388,37.079
4.24,158.01,94.1751,34.8356,-12.833,37.1015
4.25,158.358,94.0458,34.8251,-12.9271,37.1241
4.26,158.706,93.9156,34.8147,-13.0213,37.147
4.27,159.054,93.7844,34.8043,-13.1154,37.1701
4.28,159.402,93.6523,34.7938,-13.2094,37.1934
4.29,159.75,93.5193,34.7834,-13.3035,37.2169
4.3,160.098,93.3853,34.7729,-13.3975,37.2407
4.31,160.445,93.2504,34.7625,-13.4914,37.2646
4.32,160.793,93.1146,34.752,-13.5854,37.2887
4.33,161.14,92.9778,34.7416,-13.6793,37.3131
4.34,161.487,92.84,34.7311,-13.7732,37.3377
4.35,161.835,92.7014,34.7207,-13.867,37.3624
4.36,162.182,92.5618,34.7102,-13.9609,37.3874
4.37,162.529,92.4212,34.6997,-14.0546,37.4126
4.38,162.876,92.2797,34.6893,-14.1484,37.438
4.39,163.222,92.1373,34.6788,-14.2421,37.4636
4.4,163.569,91.9939,34.6683,-14.3358,37.4894
4.41,163.916,91.8496,34.6578,-14.4295,37.5154
4.42,164.262,91.7044,34.6473,-14.5231,37.5416
4.43,164.609,91.5582,34.6368,-14.6167,37.568
4.44,164.955,91.4111,34.6263,-14.7103,37.5947
4.45,165.301,91.2631,34.6158,-14.8038,37.6215
4.46,165.647,91.1141,34.6053,-14.8973,37.6485
4.47,165.993,90.9642,34.5948,-14.9908,37.6757
4.48,166.339,90.8134,34.5843,-15.0843,37.7031
4.49,166.685,90.6616,34.5738,-15.1777,37.7307
4.5,167.03,90.5089,34.5632,-15.271,37.7585
4.51,167.376,90.3553,34.5527,-15.3644,37.7865
4.52,167.721,90.2007,34.5422,-15.4577,37.8147
4.53,168.066,90.0452,34.5316,-15.551,37.8431
4.54,168.412,89.8887,34.5211,-15.6442,37.8717
4.55,168.757,89.7313,34.5105,-15.7375,37.9005
4.56,169.102,89.573,34.5,-15.8307,37.9295
4.57,169.447,89.4138,34.4894,-15.9238,37.9587
4.58,169.791,89.2536,34.4789,-16.0169,37.988
4.59,170.136,89.0925,34.4683,-16.11,38.0176
4.6,170.481,88.9305,34.4577,-16.2031,38.0473
4.61,170.825,88.7675,34.4472,-16.2961,38.0772
4.62,171.17,88.6037,34.4366,-16.3891,38.1073
4.63,171.514,88.4388,34.426,-16.4821,38.1376
4.64,171.858,88.2731,34.4154,-16.575,38.1681
4.65,172.202,88.1064,34.4048,-16.6679,38.1988
4.66,172.546,87.9388,34.3942,-16.7607,38.2297
4.67,172.89,87.7703,34.3836,-16.8536,38.2607
4.68,173.234,87.6008,34.373,-16.9464,38.2919
4.69,173.577,87.4304,34.3623,-17.0391,38.3234
4.7,173.921,87.2591,34.3517,-17.1319,38.355
4.71,174.264,87.0868,34.3411,-17.2246,38.3867
4.72,174.607,86.9137,34.3304,-17.3172,38.4187
4.73,174.951,86.7396,34.3198,-17.4099,38.4508
4.74,175.294,86.5645,34.3092,-17.5025,38.4831
4.75,175.637,86.3886,34.2985,-17.595,38.5156
4.76,175.98,86.2117,34.2878,-17.6876,38.5483
4.77,176.322,86.0339,34.2772,-17.7801,38.5812
4.78,176.665,85.8552,34.2665,-17.8725,38.6142
4.79,177.008,85.6755,34.2558,-17.9649,38.6474
4.8,177.35,85.495,34.2451,-18.0573,38.6808
4.81,177.692,85.3135,34.2345,-18.1497,38.7143
4.82,178.035,85.1311,34.2238,-18.242,38.748
4.83,178.377,84.9477,34.2131,-18.3343,38.7819
4.84,178.719,84.7634,34.2023,-18.4266,38.816
4.85,179.061,84.5783,34.1916,-18.5188,38.8502
4.86,179.402,84.3921,34.1809,-18.611,38.8846
4.87,179.744,84.2051,34.1702,-18.7032,38.9192
4.88,180.086,84.0172,34.1595,-18.7953,38.954
4.89,180.427,83.8283,34.1487,-18.8874,38.9889
4.9,180.769,83.6385,34.138,-18.9795,39.024
4.91,181.11,83.4478,34.1272,-19.0715,39.0592
4.92,181.451,83.2561,34.1165,-19.1635,39.0946
4.93,181.792,83.0636,34.1057,-19.2554,39.1302
4.94,182.133,82.8701,34.0949,-19.3473,39.1659
4.95,182.474,82.6757,34.0842,-19.4392,39.2018
4.96,182.815,82.4804,34.0734,-19.5311,39.2379
4.97,183.155,82.2842,34.0626,-19.6229,39.2741
4.98,183.496,82.087,34.0518,-19.7147,39.3105
4.99,183.836,81.889,34.041,-19.8064,39.3471
5,184.176,81.69,34.0302,-19.8981,39.3838
5.01,184.517,81.4901,34.0194,-19.9898,39.4207
5.02,184.857,81.2893,34.0085,-20.0814,39.4577
5.03,185.197,81.0875,33.9977,-20.1731,39.4949
5.04,185.537,80.8849,33.9869,-20.2646,39.5322
5.05,185.876,80.6813,33.976,-20.3562,39.5697
5.06,186.216,80.4769,33.9652,-20.4477,39.6074
5.07,186.556,80.2715,33.9543,-20.5391,39.6452
5.08,186.895,80.0652,33.9435,-20.6305,39.6831
5.09,187.234,79.8579,33.9326,-20.7219,39.7213
5.1,187.574,79.6498,33.9217,-20.8133,39.7595
5.11,187.913,79.4408,33.9108,-20.9046,39.7979
5.12,188.252,79.2308,33.8999,-20.9959,39.8365
5.13,188.591,79.0199,33.889,-21.0872,39.8752
5.14,188.929,78.8082,33.8781,-21.1784,39.9141
5.15,189.268,78.5955,33.8672,-21.2695,39.9531
5.16,189.607,78.3819,33.8563,-21.3607,39.9923
5.17,189.945,78.1673,33.8454,-21.4518,40.0316
5.18,190.283,77.9519,33.8344,-21.5429,40.071
5.19,190.622,77.7356,33.8235,-21.6339,40.1107
5.2,190.96,77.5183,33.8125,-21.7249,40.1504
5.21,191.298,77.3002,33.8016,-21.8159,40.1903
5.22,191.636,77.0811,33.7906,-21.9068,40.2303
5.23,191.973,76.8611,33.7797,-21.9977,40.2705
5.24,192.311,76.6402,33.7687,-22.0885,40.3108
5.25,192.649,76.4184,33.7577,-22.1793,40.3513
5.26,192.986,76.1957,33.7467,-22.2701,40.3919
5.27,193.324,75.9721,33.7357,-22.3608,40.4326
5.28,193.661,75.7476,33.7247,-22.4516,40.4735
5.29,193.998,75.5222,33.7137,-22.5422,40.5145
5.3,194.335,75.2959,33.7027,-22.6328,40.5557
5.31,194.672,75.0686,33.6916,-22.7234,40.597
5.32,195.009,74.8405,33.6806,-22.814,40.6384
5.33,195.345,74.6114,33.6695,-22.9045,40.68
5.34,195.682,74.3815,33.6585,-22.995,40.7217
5.35,196.018,74.1506,33.6474,-23.0854,40.7635
5.36,196.355,73.9189,33.6363,-23.1758,40.8055
5.37,196.691,73.6862,33.6253,-23.2662,40.8476
5.38,197.027,73.4526,33.6142,-23.3565,40.8898
5.39,197.363,73.2182,33.6031,-23.4468,40.9322
5.4,197.699,72.9828,33.592,-23.5371,40.9746
5.41,198.035,72.7465,33.5809,-23.6273,41.0173
5.42,198.371,72.5094,33.5698,-23.7175,41.06
5.43,198.706,72.2713,33.5586,-23.8076,41.1029
5.44,199.042,72.0323,33.5475,-23.8977,41.1459
5.45,199.377,71.7924,33.5364,-23.9878,41.189
5.46,199.712,71.5517,33.5252,-24.0778,41.2323
5.47,200.047,71.31,33.5141,-24.1678,41.2757
5.48,200.382,71.0674,33.5029,-24.2577,41.3192
5.49,200.717,70.8239,33.4917,-24.3477,41.3628
5.5,201.052,70.5795,33.4805,-24.4375,41.4066
5.51,201.387,70.3343,33.4694,-24.5274,41.4504
5.52,201.721,70.0881,33.4582,-24.6172,41.4944
5.53,202.056,69.841,33.447,-24.7069,41.5386
5.54,202.39,69.5931,33.4357,-24.7966,41.5828
5.55,202.725,69.3442,33.4245,-24.8863,41.6272
5.56,203.059,69.0944,33.4133,-24.9759,41.6717
5.57,203.393,68.8438,33.402,-25.0655,41.7162
5.58,203.727,68.5922,33.3908,-25.1551,41.761
5.59,204.06,68.3398,33.3795,-25.2446,41.8058
5.6,204.394,68.0864,33.3683,-25.3341,41.8507
5.61,204.728,67.8322,33.357,-25.4235,41.8958
5.62,205.061,67.5771,33.3457,-25.513,41.941
5.63,205.394,67.3211,33.3344,-25.6023,41.9863
5.64,205.728,67.0641,33.3231,-25.6916,42.0317
5.65,206.061,66.8063,33.3118,-25.7809,42.0772
5.66,206.394,66.5476,33.3005,-25.8702,42.1229
5.67,206.727,66.288,33.2892,-25.9594,42.1686
5.68,207.059,66.0276,33.2779,-26.0485,42.2145
5.69,207.392,65.7662,33.2665,-26.1377,42.2604
5.7,207.725,65.5039,33.2552,-26.2267,42.3065
5.71,208.057,65.2408,33.2438,-26.3158,42.3527
5.72,208.389,64.9767,33.2325,-26.4048,42.399
5.73,208.722,64.7118,33.2211,-26.4938,42.4454
5.74,209.054,64.4459,33.2097,-26.5827,42.4919
5.75,209.386,64.1792,33.1983,-26.6716,42.5385
5.76,209.718,63.9116,33.1869,-26.7604,42.5852
5.77,210.049,63.6431,33.1755,-26.8492,42.6321
5.78,210.381,63.3737,33.1641,-26.938,42.679
5.79,210.713,63.1035,33.1527,-27.0267,42.726
5.8,211.044,62.8323,33.1413,-27.1154,42.7732
5.81,211.375,62.5603,33.1298,-27.204,42.8204
5.82,211.706,62.2874,33.1184,-27.2926,42.8677
5.83,212.038,62.0136,33.1069,-27.3812,42.9152
5.84,212.368,61.7389,33.0954,-27.4697,42.9627
5.85,212.699,61.4633,33.084,-27.5582,43.0104
5.86,213.03,61.1868,33.0725,-27.6466,43.0581
5.87,213.361,60.9095,33.061,-27.735,43.1059
5.88,213.691,60.6312,33.0495,-27.8233,43.1539
5.89,214.022,60.3521,33.038,-27.9116,43.2019
5.9,214.352,60.0721,33.0264,-27.9999,43.25
5.91,214.682,59.7912,33.0149,-28.0881,43.2983
5.92,215.012,59.5095,33.0034,-28.1763,43.3466
5.93,215.342,59.2268,32.9918,-28.2645,43.395
5.94,215.672,58.9433,32.9803,-28.3526,43.4435
5.95,216.001,58.6589,32.9687,-28.4406,43.4921
5.96,216.331,58.3736,32.9571,-28.5286,43.5408
5.97,216.66,58.0874,32.9456,-28.6166,43.5896
5.98,216.99,57.8004,32.934,-28.7045,43.6385
5.99,217.319,57.5125,32.9224,-28.7924,43.6875
6,217.648,57.2237,32.9107,-28.8803,43.7365
6.01,217.977,56.934,32.8991,-28.9681,43.7857
6.02,218.306,56.6434,32.8875,-29.0558,43.8349
6.03,218.635,56.352,32.8759,-29.1436,43.8843
6.04,218.963,56.0597,32.8642,-29.2312,43.9337
6.05,219.292,55.7665,32.8526,-29.3189,43.9832
6.06,219.62,55.4724,32.8409,-29.4065,44.0328
6.07,219.949,55.1775,32.8292,-29.494,44.0825
6.08,220.277,54.8817,32.8176,-29.5815,44.1322
6.09,220.605,54.585,32.8059,-29.669,44.1821
6.1,220.933,54.2874,32.7942,-29.7564,44.232
6.11,221.261,53.989,32.7825,-29.8438,44.2821
6.12,221.588,53.6897,32.7707,-29.9311,44.3322
6.13,221.916,53.3895,32.759,-30.0184,44.3823
6.14,222.243,53.0884,32.7473,-30.1056,44.4326
6.15,222.571,52.7865,32.7355,-30.1928,44.483
6.16,222.898,52.4837,32.7238,-30.28,44.5334
6.17,223.225,52.18,32.712,-30.3671,44.5839
6.18,223.552,51.8755,32.7002,-30.4542,44.6345
6.19,223.879,51.5701,32.6885,-30.5412,44.6852
6.2,224.206,51.2638,32.6767,-30.6282,44.7359
6.21,224.532,50.9566,32.6649,-30.7151,44.7867
6.22,224.859,50.6486,32.6531,-30.802,44.8376
6.23,225.185,50.3397,32.6412,-30.8889,44.8886
6.24,225.512,50.03,32.6294,-30.9757,44.9397
6.25,225.838,49.7193,32.6176,-31.0625,44.9908
6.26,226.164,49.4079,32.6057,-31.1492,45.042
6.27,226.49,49.0955,32.5939,-31.2359,45.0933
6.28,226.816,48.7823,32.582,-31.3225,45.1447
6.29,227.141,48.4682,32.5701,-31.4091,45.1961
6.3,227.467,48.1532,32.5583,-31.4956,45.2476
6.31,227.792,47.8374,32.5464,-31.5821,45.2992
6.32,228.118,47.5207,32.5345,-31.6686,45.3508
6.33,228.443,47.2032,32.5226,-31.755,45.4025
6.34,228.768,46.8848,32.5106,-31.8413,45.4543
6.35,229.093,46.5655,32.4987,-31.9277,45.5062
6.36,229.418,46.2453,32.4868,-32.0139,45.5581
6.37,229.743,45.9243,32.4748,-32.1002,45.6101
6.38,230.067,45.6025,32.4629,-32.1863,45.6622
6.39,230.392,45.2797,32.4509,-32.2725,45.7143
6.4,230.716,44.9562,32.4389,-32.3586,45.7665
6.41,231.04,44.6317,32.427,-32.4446,45.8188
6.42,231.365,44.3064,32.415,-32.5306,45.8711
6.43,231.689,43.9802,32.403,-32.6166,45.9235
6.44,232.012,43.6532,32.391,-32.7025,45.976
6.45,232.336,43.3253,32.3789,-32.7883,46.0285
6.46,232.66,42.9966,32.3669,-32.8742,46.0811
6.47,232.984,42.667,32.3549,-32.9599,46.1338
6.48,233.307,42.3365,32.3428,-33.0457,46.1865
6.49,233.63,42.0052,32.3308,-33.1313,46.2393
6.5,233.953,41.6731,32.3187,-33.217,46.2922
6.51,234.276,41.34,32.3066,-33.3026,46.3451
6.52,234.599,41.0061,32.2945,-33.3881,46.398
6.53,234.922,40.6714,32.2824,-33.4736,46.4511
6.54,235.245,40.3358,32.2703,-33.559,46.5042
6.55,235.568,39.9994,32.2582,-33.6445,46.5573
6.56,235.89,39.6621,32.2461,-33.7298,46.6105
6.57,236.212,39.3239,32.234,-33.8151,46.6638
6.58,236.535,38.9849,32.2218,-33.9004,46.7171
6.59,236.857,38.6451,32.2097,-33.9856,46.7705
6.6,237.179,38.3044,32.1975,-34.0708,46.824
6.61,237.5,37.9628,32.1853,-34.1559,46.8775
6.62,237.822,37.6204,32.1732,-34.241,46.931
6.63,238.144,37.2771,32.161,-34.326,46.9846
6.64,238.465,36.933,32.1488,-34.411,47.0383
6.65,238.787,36.5881,32.1366,-34.4959,47.092
6.66,239.108,36.2423,32.1244,-34.5808,47.1458
6.67,239.429,35.8956,32.1121,-34.6656,47.1996
6.68,239.75,35.5481,32.0999,-34.7504,47.2535
6.69,240.071,35.1997,32.0877,-34.8352,47.3075
6.7,240.392,34.8505,32.0754,-34.9199,47.3615
6.71,240.712,34.5005,32.0631,-35.0045,47.4155
6.72,241.033,34.1496,32.0509,-35.0891,47.4696
6.73,241.353,33.7979,32.0386,-35.1737,47.5237
6.74,241.673,33.4453,32.0263,-35.2582,47.5779
6.75,241.994,33.0919,32.014,-35.3427,47.6322
6.76,242.314,32.7376,32.0017,-35.4271,47.6865
6.77,242.634,32.3825,31.9894,-35.5114,47.7408
6.78,242.953,32.0265,31.977,-35.5957,47.7952
6.79,243.273,31.6697,31.9647,-35.68,47.8496
6.8,243.592,31.3121,31.9524,-35.7642,47.9041
6.81,243.912,30.9536,31.94,-35.8484,47.9587
6.82,244.231,30.5943,31.9276,-35.9325,48.0132
6.83,244.55,30.2341,31.9153,-36.0166,48.0679
6.84,244.869,29.8731,31.9029,-36.1006,48.1226
6.85,245.188,29.5112,31.8905,-36.1846,48.1773
6.86,245.507,29.1486,31.8781,-36.2685,48.232
6.87,245.826,28.785,31.8657,-36.3524,48.2868
6.88,246.144,28.4207,31.8533,-36.4362,48.3417
6.89,246.463,28.0555,31.8408,-36.52,48.3966
6.9,246.781,27.6894,31.8284,-36.6038,48.4515
6.91,247.099,27.3226,31.8159,-36.6874,48.5065
6.92,247.417,26.9549,31.8035,-36.7711,48.5615
6.93,247.735,26.5863,31.791,-36.8547,48.6166
6.94,248.053,26.2169,31.7786,-36.9382,48.6717
6.95,248.37,25.8467,31.7661,-37.0217,48.7269
6.96,248.688,25.4757,31.7536,-37.1051,48.7821
6.97,249.005,25.1038,31.7411,-37.1885,48.8373
6.98,249.323,24.7311,31.7286,-37.2719,48.8926
6.99,249.64,24.3575,31.716,-37.3552,48.9479
7,249.957,23.9831,31.7035,-37.4384,49.0032
7.01,250.274,23.6079,31.691,-37.5216,49.0586
7.02,250.591,23.2319,31.6784,-37.6047,49.114
7.03,250.907,22.855,31.6659,-37.6878,49.1695
7.04,251.224,22.4773,31.6533,-37.7709,49.225
7.05,251.54,22.0987,31.6407,-37.8539,49.2805
7.06,251.856,21.7194,31.6281,-37.9368,49.3361
7.07,252.173,21.3392,31.6155,-38.0197,49.3917
7.08,252.489,20.9581,31.6029,-38.1025,49.4473
7.09,252.805,20.5763,31.5903,-38.1853,49.503
7.1,253.12,20.1936,31.5777,-38.2681,49.5587
7.11,253.436,19.8101,31.5651,-38.3508,49.6145
7.12,253.751,19.4258,31.5524,-38.4334,49.6703
7.13,254.067,19.0406,31.5398,-38.516,49.7261
7.14,254.382,18.6546,31.5271,-38.5985,49.7819
7.15,254.697,18.2678,31.5144,-38.681,49.8378
7.16,255.012,17.8802,31.5018,-38.7635,49.8937
7.17,255.327,17.4917,31.4891,-38.8459,49.9497
7.18,255.642,17.1024,31.4764,-38.9282,50.0056
7.19,255.957,16.7123,31.4637,-39.0105,50.0616
7.2,256.271,16.3214,31.451,-39.0927,50.1177
7.21,256.585,15.9297,31.4382,-39.1749,50.1737
7.22,256.9,15.5371,31.4255,-39.257,50.2298
7.23,257.214,15.1437,31.4128,-39.3391,50.286
7.24,257.528,14.7495,31.4,-39.4212,50.3421
7.25,257.842,14.3544,31.3873,-39.5031,50.3983
7.26,258.155,13.9586,31.3745,-39.5851,50.4545
7.27,258.469,13.5619,31.3617,-39.667,50.5108
7.28,258.783,13.1644,31.3489,-39.7488,50.567
7.29,259.096,12.7661,31.3361,-39.8306,50.6233
7.3,259.409,12.367,31.3233,-39.9123,50.6796
7.31,259.722,11.9671,31.3105,-39.994,50.736
7.32,260.035,11.5663,31.2977,-40.0756,50.7924
7.33,260.348,11.1647,31.2849,-40.1571,50.8488
7.34,260.661,10.7624,31.272,-40.2387,50.9052
7.35,260.973,10.3592,31.2592,-40.3201,50.9616
7.36,261.286,9.95514,31.2463,-40.4015,51.0181
7.37,261.598,9.55031,31.2335,-40.4829,51.0746
7.38,261.91,9.14467,31.2206,-40.5642,51.1311
7.39,262.223,8.73821,31.2077,-40.6455,51.1877
7.4,262.534,8.33095,31.1948,-40.7267,51.2443
7.41,262.846,7.92287,31.1819,-40.8078,51.3009
7.42,263.158,7.51398,31.169,-40.8889,51.3575
7.43,263.47,7.10428,31.1561,-40.97,51.4141
7.44,263.781,6.69377,31.1431,-41.051,51.4708
7.45,264.092,6.28245,31.1302,-41.1319,51.5275
7.46,264.403,5.87032,31.1172,-41.2128,51.5842
7.47,264.714,5.45739,31.1043,-41.2937,51.6409
7.48,265.025,5.04364,31.0913,-41.3745,51.6976
7.49,265.336,4.62909,31.0784,-41.4552,51.7544
7.5,265.647,4.21373,31.0654,-41.5359,51.8112
7.51,265.957,3.79756,31.0524,-41.6165,51.868
7.52,266.268,3.38059,31.0394,-41.6971,51.9248
7.53,266.578,2.96282,31.0264,-41.7776,51.9816
7.54,266.888,2.54424,31.0134,-41.8581,52.0385
7.55,267.198,2.12485,31.0003,-41.9385,52.0954
7.56,267.508,1.70466,30.9873,-42.0189,52.1523
7.57,267.818,1.28367,30.9743,-42.0992,52.2092
7.58,268.127,0.861877,30.9612,-42.1794,52.2661
7.59,268.437,0.43928,30.9481,-42.2596,52.323
7.6,268.746,0.0158824,30.9351,-42.3398,52.38
7.61,269.055,-0.408317,30.922,-42.4199,52.437
